advmean,advstd,best_ret,epcount,eprew,ev_ext,ev_int,mem_available,n_rooms,n_updates,opt_approxkl,opt_auxloss,opt_clipfrac,opt_ent,opt_featvar,opt_gradnorm,opt_maxfeat,opt_maxkl,opt_pg,opt_tot,opt_vf,reset_counter,retextmean,retextstd,retintmean,retintstd,rewintmax_norm,rewintmax_unnorm,rewintmean_norm,rewintmean_unnorm,rewintstd_unnorm,rooms,tcount,time_elapsed,tps,vpredextmean,vpredextstd,vpredintmean,vpredintstd,wait_step,wait_update,eplen,eprooms,rewtotal
0.60794795,0.2676451,-inf,0,nan,-1.0,-0.0003693103790283203,913560662016,0,1,0.0034770523,0.5291606,0.37695312,2.8869045,0.41597307,4.2215586,4.2570243,0.010025366,-0.6838603,-0.019529462,0.13805714,0,-0.0007888953,0.00015946376,0.6071234,0.267572,0.102686614,2.4130666,0.042009167,0.98718727,0.5050407,[],0,262.72819089889526,15.590289629776452,-0.0009236486,0.0002801583,-0.00055501424,0.00028201437,152.11320042610168,135.46604871749878,,,
0.2555278,0.13313304,0.0,3,0.0,-1.0,-0.029103517532348633,901866807296,1,2,0.004606573,0.37599194,0.25,2.87998,0.33164498,1.7006001,4.4895515,0.024720106,-0.26791146,0.11893174,0.013731251,0,0.0013924171,0.0002282282,0.5288801,0.13106821,0.05178074,1.0905867,0.020087829,0.42308235,0.2319955,[1],679,402.9213011264801,29.21684205133663,0.0015350175,0.00063024485,0.27306712,0.016986422,140.19085311889648,124.77806663513184,226.33333333333334,1.0,0.0
0.2136966,0.12863898,0.0,11,0.0,-1.0,-0.041517019271850586,882746859520,1,3,0.0025264034,0.39614782,0.13671875,2.8712878,0.39134276,0.23210393,4.304662,0.01423314,-0.27327138,0.12694785,0.0069426945,0,-0.00019560565,0.00016373413,0.8454162,0.12596071,0.051830664,0.9494774,0.020678585,0.3788076,0.20135868,[1],3344,513.030647277832,37.199384964330626,-0.00026252138,0.00032983863,0.6318534,0.023668062,110.16478133201599,96.10140204429626,304.0,1.0,0.0
0.1850501,0.119072676,0.0,19,0.0,-1.0,-0.05212962627410889,887320522752,1,4,0.0031966926,0.3483946,0.16113281,2.8608212,0.37872458,1.471595,4.7839794,0.015515224,-0.19756675,0.15772563,0.009758594,0,-0.0003298978,0.000118192365,1.0958459,0.11603272,0.05198072,0.87506986,0.021620918,0.3639775,0.18238695,[1],7011,632.1516511440277,34.38520349954851,-0.00038362842,0.00023973334,0.9109034,0.025442423,119.103684425354,104.04926705360413,369.0,1.0,0.0
0.14921743,0.11220553,0.0,29,0.0,-1.0,-0.08812391757965088,878966120448,1,5,0.0032657227,0.31202447,0.09667969,2.8470325,0.37338507,1.4471153,4.665996,0.045818493,-0.14994457,0.16614905,0.0069161872,0,-0.0001789806,6.413504e-05,1.3240049,0.107506685,0.050455663,0.80470514,0.02168515,0.34585118,0.17436148,[1],11379,783.9201488494873,26.98847294064044,-0.00020636516,0.00015258309,1.1748421,0.02904214,151.69928622245789,140.49899196624756,392.37931034482756,1.0,0.0
0.10165324,0.10511978,0.0,41,0.0,0.2512911558151245,-0.11232280731201172,880824672256,1,6,0.0022571064,0.32269388,0.083984375,2.8334386,0.41442218,0.47460034,4.26792,0.03036726,-0.1275135,0.19691715,0.004570204,0,-0.0012022174,0.00022070602,1.490545,0.09964131,0.053834006,0.82016087,0.020813182,0.31708872,0.1609604,[1],17170,902.7336621284485,34.474193379503824,-0.0014921402,0.00012265494,1.3894718,0.029614666,118.80646800994873,104.72925329208374,418.780487804878,1.0,0.0
0.10123602,0.09819724,0.0,50,0.0,0.11763626337051392,-0.05752062797546387,878126411776,1,7,0.0021391953,0.28502744,0.1171875,2.8189702,0.3850519,1.46807,4.8183236,0.010461085,-0.08599354,0.2028045,0.0065895757,0,0.0007587263,0.00014745633,1.6338785,0.09546261,0.0637126,0.934542,0.02212434,0.32452178,0.1487562,[1],21480,1031.317076921463,31.854807721702013,0.00090089254,0.00015499834,1.5323582,0.020803818,128.57763004302979,114.80703806877136,429.6,1.0,0.0
0.047720112,0.08481181,0.0,64,0.0,0.9010719805955887,-0.07319223880767822,878303981568,1,8,0.0007049212,0.24181923,0.0,2.816319,0.3642528,1.2026441,4.411614,0.0032651338,-0.020280479,0.22349702,0.0047745886,0,-0.00010492653,0.000120685465,1.723273,0.08187017,0.055144563,0.78517944,0.020064585,0.28569084,0.13706228,[1],26468,1171.0371496677399,29.315759292555992,-0.00012849184,0.00014434189,1.6756,0.020825284,139.70783066749573,127.87910151481628,413.5625,1.0,0.0
0.039759636,0.07758927,0.0,77,0.0,0.893048845231533,-0.05218172073364258,873289396224,1,9,0.0011049001,0.2562014,0.057617188,2.810781,0.41104192,0.40488973,4.207957,0.005253854,-0.04287418,0.21364714,0.0031307165,0,-0.00011767463,0.00014651533,1.7835755,0.0756338,0.055583347,0.77475303,0.019874893,0.27702785,0.12353698,[1],31079,1305.4337730407715,30.476956224542967,-0.0001360794,0.00017467665,1.7438526,0.014600389,134.3914008140564,119.94283318519592,403.6233766233766,1.0,0.0
0.024714451,0.075831756,0.0,91,0.0,0.7684882879257202,-0.015892863273620605,874604023808,1,10,0.0014692012,0.24583705,0.083984375,2.8016405,0.4275606,0.32256687,4.8833957,0.0074628964,-0.021584716,0.22398692,0.0025362268,0,-0.00016702994,0.00011481021,1.8253926,0.07524761,0.05172515,0.7070874,0.019494241,0.26648802,0.12250457,[1],35654,1441.5062594413757,30.101603100062608,-0.00021170176,0.00014149769,1.8007674,0.011445922,136.06812620162964,121.27770233154297,391.8021978021978,1.0,0.0
-0.000114916824,0.07114416,0.0,104,0.0,0.6134429574012756,-0.004628777503967285,873309675520,1,11,0.0012045281,0.23223296,0.03515625,2.7924187,0.43035656,0.058092233,4.389592,0.00913443,-0.0030163522,0.22871716,0.0022929716,0,-0.00013762148,8.26555e-05,1.8327249,0.07099146,0.050576847,0.6809259,0.01842262,0.24802731,0.11303099,[1],39845,1565.8344948291779,32.945051121462875,-0.00017964892,0.000104530576,1.8329239,0.008720263,124.32354640960693,112.45731902122498,389.02,1.0,0.0
-0.022221869,0.060445983,0.0,116,0.0,0.6492847800254822,-0.001593470573425293,871146119168,1,12,0.00076935743,0.21279025,0.0,2.787762,0.42679197,0.17969161,4.8718514,0.0026402033,0.01946019,0.23154756,0.0020848813,0,-6.740039e-05,6.854492e-05,1.8137007,0.060407866,0.047486335,0.6345003,0.016885404,0.22561848,0.098648675,[1],43535,1703.728319644928,29.70401279198009,-8.918985e-05,9.138544e-05,1.8359661,0.007327453,137.86983823776245,122.99235534667969,379.96,1.0,0.0
-0.025701176,0.06284764,0.0,130,0.0,0.37159377336502075,-0.009323835372924805,869535088640,1,13,0.001451568,0.20458864,0.07714844,2.7798648,0.40094894,0.35071963,4.694483,0.0048549315,0.020228092,0.22468796,0.0026510977,0,1.8633533e-06,4.953234e-05,1.7858924,0.0625556,0.051291138,0.6815768,0.016409881,0.21806097,0.10228117,[1],47601,1818.52778506279,35.67960858166167,-2.044085e-06,7.0236914e-05,1.8116014,0.007591492,114.86720657348633,99.78477954864502,358.96,1.0,0.0
-0.02931327,0.0673743,0.0,147,0.0,0.666479766368866,-0.008864641189575195,868613640192,1,14,0.0010999278,0.21362007,0.055664062,2.7785769,0.43316904,0.78686285,4.6642766,0.0049795313,0.003868159,0.21850948,0.0037998268,0,-0.00011894578,9.0185335e-05,1.748729,0.06707419,0.045116533,0.59780693,0.01568189,0.20778954,0.099795006,[1],52942,1960.6126408576965,28.827843787973958,-0.00014097849,0.00010880676,1.7780862,0.008077453,142.0122971534729,130.4975414276123,330.45,1.0,0.0
-0.043522425,0.05895895,0.0,156,0.0,0.4308432340621948,-0.0015221834182739258,868444164096,1,15,0.0014750187,0.19275385,0.06542969,2.7824814,0.43445945,0.60852915,4.9008694,0.006897895,0.029702516,0.22174808,0.0020741958,0,-0.00035661578,7.970379e-05,1.7022121,0.058923006,0.045614026,0.60409105,0.014491063,0.1919129,0.090898946,[1],55438,2098.1380088329315,29.783595848547037,-0.0004410026,7.7783545e-05,1.7459033,0.005454845,137.51749324798584,120.91099953651428,315.02,1.0,0.0
-0.044309236,0.059141897,0.0,172,0.0,0.1952086091041565,-0.005049467086791992,866731110400,1,16,0.0037641458,0.18368873,0.3623047,2.7737164,0.43726057,0.5355788,4.2713594,0.01812279,0.03439683,0.21690114,0.0015892988,0,-0.0008421011,0.00017889397,1.6506298,0.059047252,0.039154958,0.5185528,0.014001465,0.18542987,0.09050912,[1],60564,2218.3428852558136,34.07515730649381,-0.0010519231,8.182192e-05,1.6953588,0.006400989,120.13404583930969,103.52443337440491,314.15,1.0,0.0
-0.029322227,0.058987383,0.0,181,0.0,0.44734835624694824,0.012620031833648682,863590592512,1,17,0.0011581971,0.19595933,0.0,2.7710567,0.4622051,0.79667944,4.553509,0.0037545152,0.008481955,0.20441173,0.0027414965,0,-0.00039739173,9.182184e-05,1.6146894,0.059381157,0.042672593,0.5644189,0.014347214,0.18976675,0.089135006,[1],63511,2351.326327562332,30.80082655561781,-0.0004901015,9.68273e-05,1.644197,0.0046587996,132.9783718585968,116.96093344688416,312.95,1.0,0.0
-0.053386852,0.05129255,0.0,197,0.0,-0.06464803218841553,0.004855930805206299,862670692352,1,18,0.0020234548,0.15731394,0.21972656,2.777032,0.42043424,0.41435906,4.280362,0.007125934,0.04995512,0.2062465,0.0017544667,0,0.0005037686,0.00012655384,1.5514858,0.051342066,0.038772784,0.5126615,0.012392872,0.16386104,0.07900767,[1],68592,2505.5234727859497,26.563397057233132,0.00062814506,0.00012883988,1.604624,0.0058523053,154.1916389465332,136.32338690757751,309.46,1.0,0.0
-0.039891545,0.04931527,0.0,209,0.0,-0.04620718955993652,-0.007561683654785156,861111193600,1,19,0.0010310768,0.14813915,0.0,2.777791,0.43121374,0.09438797,4.8063955,0.00451325,0.0541471,0.2005803,0.0010718429,0,0.0004427132,0.00010884855,1.5035074,0.04905498,0.048497412,0.64111114,0.012682809,0.1676603,0.07822702,[1],72226,2655.0205800533295,27.398523761402345,0.0005440976,0.00012683068,1.5431962,0.004851412,149.56666588783264,131.61834597587585,309.21,1.0,0.0
-0.038688596,0.05241358,0.0,223,0.0,-0.5702728033065796,0.011890590190887451,860011491328,1,20,0.0022568041,0.15437669,0.08203125,2.7744458,0.40966207,0.22771777,4.457263,0.015431927,0.04045338,0.19314766,0.0010920386,0,0.0002243152,7.983906e-05,1.449961,0.052665617,0.036154043,0.47717932,0.012310617,0.16248173,0.07994341,[1],76933,2788.924192905426,30.589176115664788,0.0002815332,0.000119406126,1.4885352,0.004619913,133.90006065368652,116.81131076812744,311.53,1.0,0.0
-0.046422634,0.046664916,0.0,234,0.0,-1.0,0.024937748908996582,855587946496,1,21,0.003060272,0.13632345,0.12792969,2.7646167,0.3683865,0.2894901,4.411618,0.02292566,0.04898697,0.18347777,0.00093196554,0,0.00010719607,7.902752e-05,1.3965156,0.047173098,0.03556414,0.46961975,0.011159368,0.14735797,0.069109865,[1],80125,2922.530884027481,30.657138581477007,0.00014109074,0.00014603097,1.4428704,0.003873816,133.51045680046082,117.16220831871033,313.74,1.0,0.0
-0.035623502,0.048211396,0.0,248,0.0,-0.3314107656478882,-0.005427360534667969,849628180480,1,22,0.001502659,0.12697777,0.1171875,2.7646847,0.39649913,0.1631854,4.399464,0.0057037906,0.05779976,0.1826635,0.0006506426,0,0.00015029742,9.06069e-05,1.3501782,0.0480148,0.033938058,0.44765535,0.01153357,0.152132,0.07270461,[1],84660,3066.710007429123,28.409105485291864,0.00019465438,0.00014232725,1.3857129,0.0041871592,144.17477464675903,124.73849511146545,314.4,1.0,0.0
-0.02968641,0.04719643,0.0,254,0.0,-0.28776979446411133,0.01800704002380371,850037919744,1,23,0.0014939767,0.13765116,0.0390625,2.7723575,0.4162706,0.15140368,4.9502053,0.006992759,0.033347618,0.16929513,0.0010687168,0,0.00010514473,5.9101534e-05,1.3080671,0.047586523,0.04013585,0.5284077,0.011331357,0.14918275,0.070460305,[1],86966,3209.231402873993,28.73954440178244,0.00013403854,9.234453e-05,1.3376956,0.0028992856,142.51566243171692,120.2173593044281,320.06,1.0,0.0
-0.03078227,0.04332004,0.0,262,0.0,0.3249703645706177,-0.0022695064544677734,849016958976,1,24,0.0020994183,0.13703158,0.10449219,2.7923737,0.42809555,0.30447125,4.295174,0.008176355,0.027557628,0.16268384,0.00088701234,0,3.7292317e-05,4.7604222e-05,1.2706292,0.04325476,0.033537295,0.44044107,0.010928573,0.14352357,0.06563293,[1],89978,3361.0664744377136,26.97663978404153,4.790457e-05,6.56576e-05,1.3013903,0.0028704482,151.82534289360046,126.40858674049377,327.12,1.0,0.0
-0.036327288,0.038645763,0.0,275,0.0,0.5889249444007874,0.008914053440093994,856279801856,1,25,0.0016552231,0.13137585,0.017578125,2.8065448,0.418754,0.41122386,5.03177,0.005930677,0.028058011,0.15779757,0.0011702519,0,8.495999e-06,5.3075237e-05,1.2257078,0.03880589,0.032538153,0.42672274,0.0100962445,0.13240755,0.06284977,[1],94892,3507.901819229126,27.895191032975475,1.9747044e-05,7.580806e-05,1.2620125,0.0034302755,146.84267210960388,120.67657852172852,336.4,1.0,0.0
-0.042047296,0.035406034,0.0,287,0.0,0.8614927977323532,0.0005864500999450684,855274115072,1,26,0.001175106,0.10889092,0.055664062,2.8050125,0.4001116,0.1586173,4.365449,0.0055255024,0.050050363,0.15665318,0.0005169135,0,-1.3937048e-05,9.778484e-05,1.1760703,0.03541407,0.030401189,0.39862484,0.009302631,0.12197746,0.05776422,[1],100306,3651.0378618240356,28.61613277650912,-1.9183277e-05,0.00012165201,1.2181281,0.003281882,143.10637736320496,117.60049319267273,349.56,1.0,0.0
-0.03565906,0.04286221,0.0,302,0.0,0.8723320960998535,-0.005196571350097656,853229875200,1,27,0.0009757327,0.11440839,0.095703125,2.799675,0.4028228,0.3096174,4.453444,0.004988053,0.034992814,0.14755052,0.00094899326,0,7.508174e-05,0.000100216035,1.1284075,0.042746365,0.044245847,0.5802912,0.0092349,0.12111715,0.06408587,[1],105250,3794.810903072357,28.48934662039924,8.047993e-05,0.00012080123,1.1640557,0.0030459121,143.7686915397644,118.36792850494385,352.48,1.0,0.0
-0.03252526,0.039938617,0.0,315,0.0,0.7862010300159454,0.00017702579498291016,852138594304,1,28,0.00094825996,0.11311306,0.0,2.7957294,0.3972978,0.28293255,4.51717,0.005112072,0.031406492,0.14261018,0.000886351,0,9.095912e-05,7.8287165e-05,1.0851643,0.039942857,0.03264514,0.42784786,0.009059235,0.11873053,0.06130866,[1],109190,3913.8711473941803,34.402751508962126,0.0001002986,9.670612e-05,1.1176709,0.0026265346,119.05448198318481,99.70253109931946,348.82,1.0,0.0
-0.021588027,0.042332765,0.0,330,0.0,0.49660640954971313,0.0033919811248779297,847766798336,1,29,0.00056543876,0.1301831,0.0,2.7927003,0.4546988,0.532113,4.4968934,0.0035276487,0.0048031677,0.1334632,0.0012696384,0,9.511123e-05,5.462306e-05,1.0539927,0.042401116,0.032423984,0.42421785,0.009337566,0.12216765,0.06419488,[1],113755,4052.278140306473,29.593880335830605,0.00010649294,7.5535056e-05,1.075558,0.0023913805,138.40053009986877,110.269291639328,348.26,1.0,0.0
-0.028380048,0.03627348,0.0,341,0.0,0.49671459197998047,-0.0009285211563110352,848298647552,1,30,0.0016526231,0.10643262,0.01171875,2.7990131,0.40517324,0.15123227,4.2094803,0.0071500624,0.030711757,0.1350143,0.00066893717,0,0.00014927205,5.9419668e-05,1.018719,0.03625139,0.031090403,0.40614766,0.008598924,0.112331524,0.055594046,[1],117458,4192.300733089447,29.252422885705485,0.00016811577,8.1894286e-05,1.0470614,0.0021751535,140.02591490745544,110.35494923591614,347.38,1.0,0.0
-0.025654493,0.03243866,0.0,350,0.0,0.4709653854370117,0.012665033340454102,847007543296,1,31,0.0009481158,0.1008293,0.0,2.8035052,0.35765538,0.13176267,4.7741823,0.004429604,0.029477175,0.12791702,0.00041404396,0,0.00029494945,7.147428e-05,0.98716486,0.032653335,0.027840434,0.36323446,0.008368348,0.109181926,0.053623557,[1],120425,4334.503876686096,28.803864567818252,0.00034956913,8.014195e-05,1.0127101,0.0018645605,142.1926805973053,114.39197826385498,350.11,1.0,0.0
-0.030561669,0.038537577,0.0,363,0.0,0.3294649124145508,0.013073325157165527,847932284928,1,32,0.001860793,0.08594835,0.11035156,2.8098936,0.36984408,0.059872165,5.147121,0.006410866,0.04100822,0.12459923,0.00045255473,0,0.00041095,0.00010008331,0.94877636,0.038785692,0.04389993,0.57247514,0.0076592383,0.099879965,0.05488083,[1],124692,4476.7069001197815,28.803887120536203,0.00048657553,9.762916e-05,0.9791868,0.0021359671,142.19498324394226,113.56651067733765,342.99,1.0,0.0
-0.0143302595,0.03600459,0.0,372,0.0,0.24147456884384155,-0.0023943185806274414,848460890112,1,33,0.001467024,0.11449137,0.078125,2.8078365,0.43394545,0.32339945,4.741144,0.005641902,0.0049347547,0.117706105,0.0010878127,0,0.0007008327,0.00012629054,0.92742574,0.03592488,0.034198366,0.445132,0.0085166935,0.1108548,0.056131557,[1],127660,4613.844913005829,29.86772151963764,0.0008363293,0.0001132585,0.9414849,0.0019488923,137.12809419631958,109.32983827590942,340.54,1.0,0.0
-0.0144885555,0.035425425,0.0,388,0.0,0.019169330596923828,0.00743710994720459,847542861824,1,34,0.00079925236,0.098207116,0.0,2.8085303,0.3757836,0.06669556,4.3792467,0.0028648153,0.022598147,0.11863821,0.00064147834,0,0.0011907611,0.00023881103,0.9079931,0.035447888,0.043828495,0.5689971,0.008317128,0.107975915,0.0562578,[1],133879,4752.62721657753,29.51384929885658,0.001474773,0.00011240611,0.9219136,0.0020351075,138.77809643745422,109.40277433395386,328.73,1.0,0.0
-0.019613672,0.033896446,0.0,395,0.0,0.5356534719467163,0.008963584899902344,828217937920,1,35,0.000559594,0.09840092,0.0,2.8133273,0.41593072,0.16339098,4.9255843,0.0034729906,0.017081648,0.11329247,0.00062323106,0,3.530123e-05,5.3221316e-05,0.884426,0.03404676,0.038208175,0.49475843,0.0077520376,0.1003813,0.05226338,[1],136859,4887.510096549988,30.367087920715633,3.4218458e-05,7.8471516e-05,0.90404177,0.0013719855,134.8838450908661,108.68319296836853,336.38,1.0,0.0
-0.01817407,0.033882346,0.0,408,0.0,0.15902167558670044,0.010738074779510498,789534064640,1,36,0.00043180754,0.099795975,0.0,2.8169684,0.43945897,0.307775,4.639614,0.003036782,0.009141974,0.10691097,0.00078998524,0,-0.0012510461,0.00023637449,0.86267394,0.034180164,0.031388722,0.40546796,0.0076251477,0.09849884,0.05087951,[1],141195,5025.329515218735,29.72004804893016,-0.0015543217,0.000102169266,0.8814546,0.0017952123,137.87285780906677,109.21826386451721,343.33,1.0,0.0
-0.01256551,0.03605476,0.0,417,0.0,0.6589229106903076,0.0064487457275390625,844861231104,1,37,0.00045570548,0.10152508,0.0,2.8136683,0.42113483,0.24993181,4.417904,0.00420572,0.0051729707,0.10486954,0.0009851517,0,-4.609188e-06,8.678618e-05,0.84562135,0.036155175,0.030775055,0.3966446,0.0076761814,0.09893454,0.053055175,[1],144619,5161.725074291229,30.030303190906572,-1.6195423e-05,0.00012291606,0.85821,0.0017705372,136.32245302200317,107.39710879325867,345.65,1.0,0.0
-0.0071576475,0.03681362,0.0,427,0.0,0.38680410385131836,0.022662997245788574,789166096384,1,38,0.00057594216,0.102657124,0.0,2.81111,0.45316747,0.15528098,4.3736205,0.0023184137,0.00071446627,0.10112519,0.0005647049,0,-0.00060335535,0.00014753228,0.8346475,0.037241403,0.028173508,0.36203194,0.007883705,0.10130627,0.053378586,[1],148087,5304.168392419815,28.755297620617583,-0.00074336794,0.00014937644,0.8420851,0.0019188105,142.43934106826782,114.73810648918152,351.49,1.0,0.0
-0.016131012,0.032381218,0.0,439,0.0,-1.0,0.027982354164123535,778090983424,1,39,0.0012545029,0.081946224,0.0,2.8180346,0.3941663,0.15490781,4.8178473,0.0043107355,0.026044115,0.105489485,0.00031718065,0,5.942761e-05,0.00013344701,0.81893784,0.032739192,0.028713778,0.36782408,0.0072832447,0.09329852,0.0496768,[1],152443,5443.220316886902,29.456622263545327,5.8044796e-05,0.0002445365,0.8350716,0.002194894,138.9600760936737,110.9086697101593,356.32,1.0,0.0
-0.010313889,0.03400685,0.0,451,0.0,0.20716804265975952,0.01711481809616089,787907575808,1,40,0.000910949,0.09215446,0.0,2.823529,0.40698683,0.082516395,4.5238996,0.003650479,0.010052921,0.100143656,0.00075980497,0,-0.0005182487,0.00012247525,0.8081911,0.034297537,0.028006712,0.35773832,0.007443342,0.09507609,0.051032074,[1],157136,5586.413407325745,28.604733689899547,-0.00063073065,0.00013676258,0.81873,0.0020226839,143.26611590385437,114.80117511749268,362.82,1.0,0.0
-0.007220861,0.03336964,0.0,461,0.0,-0.27109527587890625,0.03136301040649414,844157837312,1,41,0.0005712798,0.09167792,0.0,2.8266082,0.4255041,0.04273485,4.3049116,0.002314,0.007881982,0.09749518,0.00076189305,0,4.4951077e-05,6.8304886e-05,0.79908085,0.03387014,0.042766295,0.54434216,0.0075912606,0.09662384,0.050220814,[1],160407,5726.425941467285,29.25452201811708,5.5999004e-05,0.00011013926,0.80627966,0.0020827611,139.91409826278687,111.3235194683075,362.89,1.0,0.0
-0.013904138,0.03225084,0.0,474,0.0,-0.421032190322876,0.029832184314727783,843979440128,1,42,0.0006672988,0.081559226,0.0,2.8237615,0.3471287,0.14523989,4.4728103,0.0016282621,0.019952519,0.09932049,0.0006325081,0,-0.00052708446,0.00015996974,0.7842793,0.032654755,0.042622935,0.54062295,0.0071314857,0.090454705,0.04768643,[1],165378,5864.908944606781,29.577637679825596,-0.0006401071,0.00021359038,0.79840946,0.0025713374,138.41137647628784,109.83458757400513,370.47,1.0,0.0
-0.0126199275,0.031441677,0.0,485,0.0,-1.0,0.04791855812072754,843500498944,1,43,0.00088470214,0.07863476,0.0,2.8205676,0.40654242,0.17147733,4.568151,0.003350906,0.020920064,0.09711537,0.00038111352,0,-5.4610166e-05,0.00012331827,0.7749109,0.032115936,0.025951307,0.32812345,0.0070513845,0.08915638,0.047774203,[1],169891,6003.674362659454,29.51744000021772,-8.050796e-05,0.00022670774,0.7875827,0.0026904482,138.75545287132263,110.56910037994385,370.0,1.0,0.0
-0.008450547,0.035572417,0.0,496,0.0,-0.9331514835357666,0.03891938924789429,844763525120,1,44,0.0010888351,0.08423984,0.0,2.8161237,0.40183735,0.12021597,4.7639117,0.0037305467,0.012273012,0.09440043,0.0007037013,0,-0.00028322783,0.00012268058,0.7677289,0.036201257,0.040603288,0.51178735,0.0071242116,0.08979769,0.05015836,[1],173342,6147.012890815735,28.575708565579475,-0.0003602343,0.00020553148,0.7763336,0.0026191666,143.33608555793762,114.64011526107788,362.54,1.0,0.0
-0.013331192,0.031108765,0.0,512,0.0,-1.0,0.029718756675720215,833255239680,1,45,0.00058883766,0.07803737,0.0,2.8126733,0.41121197,0.19368696,4.132868,0.00311472,0.017826604,0.093568966,0.0005176596,0,-0.0001824887,0.00011369902,0.75675476,0.031516045,0.035885226,0.45083034,0.0067839785,0.08522793,0.046082057,[1],179244,6283.917455434799,29.918651601313893,-0.00022970879,0.0001921508,0.77018034,0.002749386,136.80569100379944,108.69899225234985,364.26,1.0,0.0
-0.013212832,0.031653367,0.0,517,0.0,-1.0,0.051734328269958496,843167657984,1,46,0.0005020453,0.08196682,0.0,2.8111296,0.41412324,0.09408314,3.9674208,0.0014091779,0.012474556,0.091952145,0.0003219027,0,-0.00012722006,0.00010760535,0.74952924,0.032406192,0.025034824,0.31352004,0.006752807,0.084567815,0.045497242,[1],180541,6431.439386606216,27.765363431552633,-0.00016958782,0.00019354917,0.7628268,0.002603283,147.51860356330872,119.59177112579346,359.22,1.0,0.0
-0.011659707,0.031217262,0.0,531,0.0,-0.7257260084152222,0.05756950378417969,841899409408,1,47,0.0007420328,0.07778837,0.0,2.8149219,0.426149,0.17244856,3.9773288,0.003924635,0.015337597,0.09065818,0.00034713547,0,-9.792055e-05,9.0398804e-05,0.7431554,0.032088783,0.039495245,0.49310797,0.0066581005,0.08312805,0.046125658,[1],185706,6575.135177850723,28.504662087466787,-0.00011571492,0.00014982148,0.7548507,0.0028693047,143.6899392604828,115.82438564300537,363.96,1.0,0.0
-0.017164242,0.02686441,0.0,546,0.0,-0.4571051597595215,0.10336387157440186,841605464064,1,48,0.0010135507,0.07633774,0.0,2.8223023,0.39245272,0.14921597,4.3185234,0.0034227818,0.016571363,0.09051305,0.00042624792,0,-5.3597963e-05,9.373228e-05,0.7292751,0.028310869,0.025737569,0.3203926,0.006292442,0.07833109,0.04160244,[1],191531,6715.7198650836945,29.13546343141304,-6.1179984e-05,0.0001483371,0.7464545,0.00320116,140.57836270332336,114.10760831832886,360.2,1.0,0.0
-0.014418239,0.02759631,0.0,554,0.0,-1.0,0.08683210611343384,841740132352,1,49,0.00077710155,0.07543756,0.0,2.8228407,0.38920867,0.14136161,4.475925,0.004199906,0.015068172,0.08798758,0.00030468538,0,7.1061644e-05,7.5952856e-05,0.7222591,0.028826645,0.036679544,0.455279,0.0063809017,0.07920192,0.043185215,[1],193496,6860.213707208633,28.347228779883412,8.120526e-05,0.0001354106,0.736657,0.0031755262,144.49085235595703,118.18233394622803,352.06,1.0,0.0
-0.011670433,0.028318236,0.0,565,0.0,-0.8649777173995972,0.07712805271148682,840364171264,1,50,0.00064265763,0.07879414,0.0,2.8229597,0.4283092,0.061989393,4.4721246,0.0025024775,0.009070419,0.08555972,0.0005181227,0,0.00017653727,8.007056e-05,0.7170927,0.029426891,0.038738817,0.47935417,0.006462134,0.079962455,0.044212326,[1],197386,7025.506019830704,24.78034184917852,0.00021918718,0.00012992191,0.72867775,0.0032948756,165.2993152141571,120.07204246520996,354.29,1.0,0.0
-0.010412826,0.028892292,0.0,577,0.0,-0.8162198066711426,0.0837060809135437,841665597440,1,51,0.0008622771,0.07631992,0.024414062,2.8292217,0.4157645,0.1616467,4.38239,0.00843115,0.013736988,0.08752516,0.00029747607,0,0.00014732851,7.0530776e-05,0.71185577,0.030151296,0.022353029,0.27570397,0.006489262,0.080039054,0.041840043,[1],202049,7176.624991178513,27.10447247932111,0.0001884755,0.000115062125,0.7221863,0.0038259525,151.10314178466797,118.81649923324585,353.83,1.0,0.0
-0.01713981,0.025495652,0.0,588,0.0,-0.9837597608566284,0.1416330337524414,841290887168,1,52,0.0002646465,0.069360465,0.0,2.8317246,0.39456972,0.20864947,4.652917,0.0013817954,0.019808017,0.086664,0.00032724,0,4.9548828e-05,6.0396374e-05,0.6980382,0.027516227,0.022420606,0.27565473,0.006010861,0.07390177,0.039673522,[1],206339,7318.536738157272,28.86300864133978,6.427015e-05,0.00011028229,0.71514857,0.0040632966,141.82099270820618,112.92955541610718,356.41,1.0,0.0
-0.010917652,0.031497248,0.0,596,0.0,-1.0,0.11524844169616699,840831156224,1,53,0.0007687112,0.07518341,0.0,2.8287013,0.4206354,0.041781135,4.348111,0.0032725362,0.008233096,0.08113554,0.0005477369,0,3.848683e-06,5.8829395e-05,0.6952201,0.03348098,0.025077494,0.30735973,0.006326449,0.077539474,0.042859133,[1],209523,7456.12748503685,29.769443751801905,1.0785406e-05,0.00011250173,0.70612395,0.004227581,137.58448433876038,102.88643074035645,361.81,1.0,0.0
-0.0129382275,0.028825114,0.0,612,0.0,-0.9698917865753174,0.1361597180366516,839832735744,1,54,0.0013607619,0.06606772,0.09375,2.8323708,0.38685787,0.22529474,4.8281813,0.0076460857,0.019552102,0.0832884,0.00050094724,0,5.251058e-05,7.6911376e-05,0.6839055,0.031025168,0.026681282,0.32594568,0.006122093,0.07478913,0.042363934,[1],215786,7599.021351575851,28.664631543530533,7.848909e-05,0.0001363556,0.69679177,0.0049591144,142.8896245956421,116.80494046211243,365.42,1.0,0.0
-0.015412317,0.026314123,0.0,621,0.0,-0.8289175033569336,0.1553729772567749,839365468160,1,55,0.00056776707,0.067880765,0.0,2.8295531,0.36007062,0.10647216,4.6967573,0.0033270973,0.014198621,0.07964923,0.00039939745,0,-0.00013252586,7.7242425e-05,0.6712021,0.028647676,0.035375852,0.4309085,0.005755276,0.07010424,0.039927226,[1],218803,7740.7110068798065,28.90824991247153,-0.00015776147,0.00012490481,0.68666494,0.0053166044,141.68802285194397,114.19941926002502,364.89,1.0,0.0
-0.011382535,0.027808655,0.0,632,0.0,-0.5125551223754883,0.14660310745239258,840843558912,1,56,0.00041797763,0.06921895,0.0,2.8260365,0.39500022,0.05709172,4.4948015,0.0021846287,0.010633428,0.0775164,0.00049006013,0,-6.694265e-05,8.8840556e-05,0.66391176,0.030108029,0.035978634,0.4369571,0.005977935,0.07260145,0.040065262,[1],222621,7890.4513919353485,27.354010065358814,-7.07096e-05,0.00015057929,0.6753018,0.005666897,149.7314600944519,119.49559593200684,366.02,1.0,0.0
-0.011863444,0.026177602,0.0,645,0.0,-0.8077983856201172,0.18942469358444214,839940059136,1,57,0.00053247786,0.0742065,0.0,2.8253722,0.44102073,0.09640914,4.6578636,0.0017838681,0.0037862468,0.075587414,0.0004200394,0,-6.7474684e-05,8.0991245e-05,0.6526865,0.02907452,0.023095977,0.2796667,0.0057787225,0.06997393,0.03923364,[1],227501,8034.54255604744,28.42644815882702,-8.103762e-05,0.00014179955,0.66457707,0.005981558,144.13967370986938,116.51267886161804,363.55,1.0,0.0
-0.009735946,0.028368585,0.0,655,0.0,-0.6301279067993164,0.15041601657867432,839572828160,1,58,0.0008281327,0.062022395,0.0,2.825393,0.40631068,0.1716887,4.5158086,0.002903893,0.016937302,0.07641254,0.00027824182,0,3.1092613e-06,9.229741e-05,0.64311457,0.030761791,0.027134066,0.32751933,0.0058764275,0.0709309,0.04017798,[1],230923,8172.926025629044,29.598910795894515,7.369468e-06,0.00015054597,0.6528419,0.006587718,138.3220934867859,110.60134291648865,370.66,1.0,0.0
-0.0018422146,0.03171638,0.0,665,0.0,-0.3664816617965698,0.1464337706565857,839667081216,1,59,0.0009117255,0.06970472,0.0,2.8228736,0.39122748,0.09042181,4.4302926,0.0037101863,0.007702817,0.07502005,0.00043539182,0,0.00064351317,0.0001651036,0.6415956,0.034314208,0.02255679,0.27136382,0.006274442,0.075483106,0.042108297,[1],234784,8312.63610291481,29.317856668218006,0.0007980426,0.00022840657,0.64312875,0.0063695107,139.7064929008484,113.91246199607849,373.98,1.0,0.0
-0.009454301,0.025512641,0.0,683,0.0,-0.4046412706375122,0.2450413703918457,839413698560,1,60,0.00056782534,0.06991565,0.020507812,2.8203201,0.43491697,0.12471428,4.3788505,0.0061267843,0.0053835623,0.072788574,0.0003096776,0,-0.0007095352,0.00016456838,0.62950593,0.029412068,0.022021819,0.26403558,0.005722455,0.06861067,0.037792373,[1],241014,8457.412166595459,28.291969745259387,-0.0008761544,0.00016807401,0.63929343,0.008451577,144.77215003967285,121.805104970932,363.23,1.0,0.0
-0.0035714037,0.026709404,0.0,691,0.0,-0.31037068367004395,0.2333059310913086,838566354944,1,61,0.0006866094,0.07220954,0.025390625,2.8262296,0.4078102,0.19318306,4.7434773,0.0059768567,-0.0030807937,0.0669368,0.0006342838,0,-0.0020230846,0.00030476102,0.6222264,0.030541664,0.02799291,0.33450246,0.005959091,0.0712084,0.038719337,[1],243417,8599.24201798439,28.879675002540147,-0.0024548247,0.00023928151,0.6266613,0.009105631,141.82642030715942,119.83200788497925,360.46,1.0,0.0
-0.0063246614,0.025265586,0.0,703,0.0,-0.2601447105407715,0.2527112364768982,835079917568,1,62,0.0013020444,0.06705536,0.0390625,2.829034,0.38741234,0.046003245,4.257005,0.0065273694,0.0062834043,0.07073255,0.0002228193,0,-0.001062548,0.00019908573,0.6139321,0.029231051,0.030928273,0.36832204,0.0057935053,0.068994336,0.037399366,[1],247534,8735.245662927628,30.116839579020315,-0.0013045571,0.00017188485,0.6207408,0.009945875,136.04671907424927,114.0224883556366,355.24,1.0,0.0
-0.00494651,0.02834562,0.0,712,0.0,-0.09871673583984375,0.253235399723053,826248192000,1,63,0.000956742,0.06123808,0.0,2.8294933,0.38555703,0.11531558,4.495484,0.005498192,0.011642594,0.070258975,0.00020779383,0,-0.0013340134,0.0002240575,0.6055931,0.03285678,0.03291952,0.39076,0.0057458705,0.06820442,0.039676923,[1],251052,8872.430876970291,29.857448444222875,-0.0016274536,0.0001869222,0.6111265,0.010909821,137.1311740875244,116.62425804138184,352.66,1.0,0.0
-0.010710208,0.024937281,0.0,723,0.0,0.019999027252197266,0.30648404359817505,838223855616,1,64,0.00041002844,0.055282682,0.0,2.8301563,0.32617405,0.082090266,4.2675147,0.002310579,0.017986886,0.070642106,0.00020269236,0,-0.0010996014,0.00021327587,0.5909309,0.029963145,0.0209173,0.24754876,0.0052410914,0.06202644,0.03383757,[1],255270,9021.611330986023,27.456677358715993,-0.0013400714,0.0001803676,0.60212207,0.010868259,149.08896160125732,128.70344400405884,359.18,1.0,0.0
-0.0045995233,0.024565352,0.0,734,0.0,0.14563202857971191,0.34287047386169434,837909061632,1,65,0.00079173676,0.060207322,0.0,2.8255868,0.36300057,0.03683854,3.9733243,0.0037050128,0.005568754,0.06322992,0.00027943024,0,-0.0010312861,0.00021674273,0.58385134,0.030320827,0.034944754,0.41235006,0.0054810126,0.064676255,0.036178578,[1],259553,9165.61619091034,28.443484680159585,-0.0012601728,0.00018767179,0.5889087,0.012709466,144.08434104919434,123.60316228866577,360.49,1.0,0.0
-0.0014787957,0.02768891,0.0,742,0.0,0.15294724702835083,0.30049043893814087,838419320832,1,66,0.00063236593,0.06334193,0.0,2.8206835,0.3755152,0.04064724,4.0596085,0.0028253032,0.0036016558,0.06445176,0.0003288579,0,-0.0008587396,0.0001769668,0.5825881,0.03310462,0.03306941,0.38896984,0.005736889,0.067478575,0.0389355,[1],262751,9309.01968884468,28.56276179682966,-0.0010550631,0.00021258941,0.58445954,0.013077936,143.3108069896698,123.99757814407349,363.83,1.0,0.0
-0.005340675,0.026451096,0.0,752,0.0,-0.11612915992736816,0.3470841646194458,838218780672,1,67,0.0006733496,0.06626488,0.0,2.8190608,0.40881658,0.09239856,4.695347,0.0044772835,-0.0005232829,0.06341299,0.0004904486,0,-0.0007267501,0.00017345077,0.57626903,0.032758404,0.034159474,0.40054968,0.0053941654,0.0632513,0.03760357,[1],266177,9448.65907239914,29.33269920494804,-0.0008967548,0.00020549724,0.5819497,0.014844437,139.63446354866028,119.03520274162292,361.34,1.0,0.0
-0.007833812,0.025468595,0.0,765,0.0,-0.2963200807571411,0.37631672620773315,827694399488,1,68,0.00054173137,0.05763001,0.0,2.8165262,0.36080682,0.07082667,4.755278,0.0024416412,0.009471459,0.06456847,0.0002835234,0,-0.00047990622,0.00015071382,0.570753,0.03225146,0.033037778,0.38623914,0.0052230265,0.06106153,0.036668576,[1],271393,9593.62512421608,28.254891142688454,-0.0005837086,0.00020493023,0.57879436,0.014474801,144.961590051651,124.4997546672821,366.09,1.0,0.0
-0.0018645223,0.02495859,0.0,775,0.0,-0.6640589237213135,0.3319622278213501,837725454336,1,69,0.0004218937,0.06712408,0.0,2.8167672,0.43577325,0.14288183,4.112677,0.0013421888,-0.0042457483,0.06035308,0.00029151308,0,-0.00021253902,0.00010230802,0.575016,0.030484041,0.024839995,0.28950274,0.0056114113,0.06539933,0.036011357,[1],275120,9740.804692268372,27.829949954840703,-0.00024809607,0.00016374288,0.5769517,0.015120986,147.17905068397522,126.98196649551392,366.66,1.0,0.0
-0.010420447,0.02106725,0.0,787,0.0,-0.8625415563583374,0.39330941438674927,837307908096,1,70,0.0004096296,0.05782004,0.0,2.8218334,0.41824624,0.05774867,4.5448766,0.0025353236,0.009556882,0.06479404,0.00023895207,0,0.00011378678,0.0001166444,0.5644464,0.026965601,0.019716555,0.22907338,0.005081889,0.05904305,0.033026833,[1],280013,9889.606731176376,27.526504675253797,0.00015525107,0.00019389635,0.57478386,0.015459371,148.79530143737793,128.07791090011597,376.99,1.0,0.0
-0.010215259,0.023486314,0.0,801,0.0,-0.8552044630050659,0.3902285099029541,838603354112,1,71,0.00043338197,0.057564385,0.0,2.8233652,0.41768312,0.09881731,4.59411,0.0022252868,0.0071260375,0.062130116,0.00026305998,0,0.000302042,0.0001342405,0.55390304,0.029999828,0.021307554,0.24686849,0.0049183005,0.05698324,0.032023292,[1],284963,10036.931926488876,27.802441242204214,0.0003707511,0.00021807237,0.5639808,0.014587786,147.31952905654907,126.1323311328888,383.25,1.0,0.0
0.0051801843,0.027022006,0.0,813,0.0,0.08591997623443604,0.3818567991256714,829077766144,1,72,0.0006489756,0.06827539,0.0,2.8207893,0.43095076,0.15503013,4.412518,0.0038212105,-0.010005634,0.055854313,0.00040534354,0,0.00067357236,0.00018197244,0.5644814,0.034326352,0.023554577,0.27205104,0.0058747744,0.06785257,0.037552092,[1],288752,10179.038894176483,28.823356811579075,0.00083420496,0.00021235127,0.5589799,0.015399025,142.09633922576904,121.98736000061035,374.94,1.0,0.0
-0.0022234446,0.026350228,0.0,820,0.0,-0.09605967998504639,0.38954877853393555,838050979840,1,73,0.0009566701,0.06294206,0.06347656,2.8154778,0.41787207,0.12536591,4.0012946,0.005498592,-0.0029233925,0.057572808,0.00036962112,0,0.0005099627,0.00015055806,0.5599958,0.033632193,0.03295554,0.37937915,0.0054098507,0.062277384,0.03590922,[1],291029,10316.048009872437,29.895821585292442,0.00061680045,0.00020520235,0.5620055,0.017488362,137.00692009925842,117.11751365661621,370.24,1.0,0.0
-0.0075925314,0.023679854,0.0,836,0.0,-0.012999892234802246,0.394970178604126,837975314432,1,74,0.00079911755,0.053721778,0.0,2.811521,0.39202714,0.08073106,4.6959305,0.0022337565,0.009175469,0.060312685,0.00022695833,0,0.000294008,0.0001542283,0.55181974,0.03036115,0.03191828,0.3662879,0.0050914814,0.058428835,0.033563145,[1],296786,10452.71290898323,29.97111881100254,0.0003658938,0.00021054807,0.5592685,0.017383102,136.608252286911,113.60917520523071,366.1,1.0,0.0
-0.0032527838,0.025208509,0.0,845,0.0,0.1365281343460083,0.3596188426017761,838861844480,1,75,0.0005833008,0.06272622,0.0,2.808507,0.40039432,0.10415968,4.5146136,0.0028160631,-0.0022416166,0.058062106,0.00038600757,0,0.00044035714,0.00016111802,0.5509793,0.031454578,0.018512815,0.21179686,0.005337825,0.061067678,0.03421695,[1],300516,10596.337769031525,28.518740138840112,0.0005423055,0.00021232494,0.5540282,0.01601331,143.6201434135437,119.11619591712952,366.33,1.0,0.0
-0.0036914956,0.023949845,0.0,857,0.0,0.11211264133453369,0.4101763963699341,839425798144,1,76,0.0014287469,0.05703609,0.14160156,2.8082805,0.401497,0.047106277,4.952413,0.0062064286,0.0034359153,0.05794251,0.00027878484,0,-9.287923e-05,0.00011759128,0.55052197,0.03115397,0.03208779,0.36593258,0.005312255,0.06058152,0.033221394,[1],304847,10738.101001739502,28.89324674498405,-0.00010357036,0.00016903585,0.55423486,0.016185453,141.67665195465088,116.36774277687073,365.8,1.0,0.0
-0.009155428,0.0232764,0.0,870,0.0,0.28796929121017456,0.4436330199241638,838435618816,1,77,0.0010212181,0.05523794,0.0,2.8172445,0.3968249,0.040273566,4.3018746,0.0028085352,0.0066583543,0.0593101,0.00023105035,0,0.00040689984,0.00015105201,0.5413382,0.031132938,0.017654972,0.20074153,0.0049050795,0.055772007,0.03151807,[1],309763,10863.221592187881,32.7364184050096,0.00050649414,0.0001872391,0.5502945,0.018371897,125.11750602722168,101.50942397117615,369.2,1.0,0.0
-0.0045333817,0.024402613,0.0,878,0.0,0.33156919479370117,0.42496180534362793,838962544640,1,78,0.00097391894,0.0490551,0.0,2.823212,0.3889352,0.21270365,4.2249565,0.0047194404,0.013131096,0.059689235,0.00032625097,0,0.0006235365,0.00017189917,0.54281574,0.032126535,0.02105413,0.23869658,0.0050915563,0.0577244,0.03291577,[1],312435,11009.20652961731,28.05769610368855,0.0007638951,0.00019706058,0.5470684,0.018564515,145.90580248832703,113.42172002792358,362.32,1.0,0.0
-0.0025002747,0.026578005,0.0,890,0.0,0.08323705196380615,0.43129605054855347,838366937088,1,79,0.0007231979,0.054885447,0.0,2.8242092,0.38263166,0.07309246,4.3784776,0.0040607713,0.0044131456,0.05684527,0.0003708871,0,0.00023796671,0.000122009784,0.5425363,0.035235666,0.03140353,0.3549192,0.0053459723,0.06041959,0.036796793,[1],316963,11149.921504735947,29.108478642776316,0.00031372526,0.00017736491,0.5448851,0.01990561,140.70380878448486,113.48004484176636,358.14,1.0,0.0
-0.005005683,0.025432581,0.0,903,0.0,-0.043106913566589355,0.44312262535095215,833773572096,1,80,0.00053236797,0.05717819,0.0,2.8208323,0.39209408,0.040617783,4.844644,0.0031757404,0.0053065713,0.05998993,0.00032599817,0,0.0003199501,0.0001195203,0.5367638,0.034046244,0.019667448,0.22160678,0.005050132,0.056903336,0.033503763,[1],322167,11293.46930551529,28.534048988232882,0.0004164721,0.00016963312,0.5415764,0.019354204,143.541090965271,116.24410223960876,367.5,1.0,0.0
-0.0040317704,0.023557223,0.0,912,0.0,0.06540614366531372,0.4972527027130127,826733445120,1,81,0.00081681146,0.057208993,0.0,2.8206553,0.42668074,0.061108593,4.621825,0.0020481304,0.00033682492,0.054961033,0.0002358728,0,1.398188e-05,0.00010506579,0.5334406,0.03320678,0.029343348,0.32962203,0.0051331064,0.05766162,0.03363451,[1],325181,11436.235966444016,28.69017164227948,2.6695525e-05,0.00015890435,0.5374469,0.020319805,142.76346945762634,115.5208809375763,366.78,1.0,0.0
-0.0068516633,0.024001118,0.0,927,0.0,0.13802123069763184,0.5435598194599152,834876399616,1,82,0.0009152711,0.047913782,0.0,2.8169055,0.37984794,0.14816594,4.8186126,0.003143483,0.010667592,0.0560174,0.000252932,0,0.0003641036,0.00013252225,0.523382,0.035474576,0.022358552,0.25044426,0.004770294,0.05343337,0.03136318,[1],330409,11565.882178544998,31.593672762375707,0.00046672684,0.00016607007,0.53002846,0.022341698,129.63930583000183,103.65615057945251,371.62,1.0,0.0
-0.0023991023,0.025317399,0.0,938,0.0,-0.1992814540863037,0.5086230337619781,822568669184,1,83,0.001291476,0.054450233,0.0,2.807818,0.4201582,0.13114305,4.670753,0.0054763625,0.0068067713,0.05881705,0.00036786436,0,-0.0002809613,0.00010180544,0.5257844,0.036111705,0.022807596,0.25471005,0.0052229147,0.05832832,0.033830024,[1],334100,11711.813736200333,28.06795290069496,-0.0003322417,0.00014580728,0.528286,0.02332513,146.01000213623047,117.19717025756836,366.53,1.0,0.0
-0.0028390521,0.02406944,0.0,952,0.0,-0.2814602851867676,0.469215989112854,831647883264,1,84,0.0008950182,0.0509456,0.0,2.8030553,0.40717,0.087685056,4.525937,0.002412191,0.0049896413,0.053341147,0.00020896202,0,0.00016071077,0.000103374594,0.5201925,0.032993186,0.028280256,0.3148828,0.0050316537,0.05602429,0.03294781,[1],338915,11858.619559049606,27.900800077449833,0.00020603133,0.00016546343,0.5229409,0.023426574,146.69784021377563,120.20835614204407,357.59,1.0,0.0
-0.0062480895,0.022409162,0.0,963,0.0,-0.2037104368209839,0.49870800971984863,831234748416,1,85,0.00056205626,0.05275929,0.0,2.8038735,0.40333337,0.09731991,4.6539083,0.0025576127,0.0014994822,0.05173315,0.00027825436,0,0.00030416367,0.00010671081,0.5115849,0.031612538,0.023885107,0.26519248,0.0047047,0.05223552,0.030703481,[1],342081,12002.441467046738,28.47966667276934,0.00038566763,0.00015461208,0.51767004,0.020719731,143.73434495925903,117.32088685035706,347.86,1.0,0.0
0.0010825761,0.027189609,0.0,975,0.0,-0.24076759815216064,0.48328912258148193,830650232832,1,86,0.001653333,0.056032147,0.06933594,2.8089974,0.4297144,0.0334316,4.389057,0.008200367,-0.00068992726,0.052878194,0.00034496945,0,0.00010447926,8.6391934e-05,0.51754403,0.037792925,0.02467254,0.27314094,0.0051450096,0.05695858,0.031867675,[1],346009,12138.239347934723,30.162473885252403,0.00012706779,0.00013252243,0.51641625,0.020898415,135.79501223564148,109.03908729553223,345.57,1.0,0.0
-0.0016494647,0.025223052,0.0,991,0.0,0.0072255730628967285,0.5135551691055298,831035895808,1,87,0.0007322172,0.05311373,0.0,2.8064165,0.41396648,0.07138488,4.0365005,0.0036967874,0.003580387,0.054148514,0.00026081654,0,0.00038632966,0.000120406825,0.5178817,0.036138866,0.02076222,0.22915241,0.0051429775,0.056762997,0.03322522,[1],351484,12281.901007175446,28.511434680925987,0.00049045734,0.00015040147,0.5193229,0.023179587,143.6634316444397,116.39385795593262,341.97,1.0,0.0
-0.0031663664,0.024065372,0.0,999,0.0,-0.39839446544647217,0.5174241065979004,820003811328,1,88,0.00069261563,0.053041574,0.0,2.803904,0.429394,0.060859058,4.8635507,0.004923798,0.0009802019,0.05152579,0.00030791963,0,-0.00016235812,8.4159255e-05,0.51679987,0.034624886,0.027981553,0.30789864,0.005020505,0.055243775,0.032198187,[1],354372,12421.818430423737,29.27440964827955,-0.00019183879,0.0001303631,0.52002513,0.024157777,139.9011197090149,114.51849031448364,338.94,1.0,0.0
-0.0012383736,0.02286217,0.0,1011,0.0,0.026294469833374023,0.4695272445678711,828239175680,1,89,0.0011320848,0.052787483,0.0,2.8075347,0.40075237,0.053253964,4.52222,0.003972093,0.0025914505,0.05284198,0.0002705813,0,0.0001462389,9.3052404e-05,0.5170893,0.031369936,0.030797927,0.33788067,0.005053359,0.055439845,0.029963767,[1],358231,12564.931125879288,28.620801016224096,0.0001680593,0.00013091046,0.518284,0.022857426,143.10803604125977,118.21164870262146,333.59,1.0,0.0
-0.0045162095,0.022361865,0.0,1021,0.0,0.020792067050933838,0.5043497681617737,829695975424,1,90,0.0008083716,0.049631856,0.03515625,2.811912,0.39307806,0.053117674,4.646055,0.0055308924,0.005460573,0.052512895,0.00023237699,0,9.3203445e-05,8.755292e-05,0.5140139,0.0317329,0.019086057,0.20877832,0.0048451014,0.052999534,0.029357038,[1],361696,12705.215359687805,29.197864836680576,0.00011675324,0.00012746961,0.51848304,0.021346487,140.42351698875427,115.47070074081421,332.25,1.0,0.0
-0.0013755879,0.025768906,0.0,1031,0.0,-0.3647737503051758,0.4964873194694519,821584744448,1,91,0.0006611395,0.055883847,0.0,2.8140516,0.41076314,0.096966326,4.837482,0.00382317,-0.0012050618,0.052275244,0.0004105118,0,0.00019745665,7.297588e-05,0.51104546,0.036291856,0.02849372,0.31076056,0.005100441,0.055626854,0.03346117,[1],365728,12846.034528255463,29.08694859119001,0.00025177948,0.000107309956,0.51231235,0.021842355,140.58213806152344,119.13259696960449,341.41,1.0,0.0
-0.0031209716,0.025255362,0.0,1046,0.0,-0.06491684913635254,0.44106775522232056,829503205376,1,92,0.0006557473,0.046975717,0.0,2.811502,0.3971241,0.1753016,4.735087,0.004154687,0.008004503,0.05251859,0.00034987472,0,-7.7097066e-05,8.727485e-05,0.51286405,0.033744495,0.026863676,0.2921178,0.0049488093,0.053813756,0.030565858,[1],370904,12984.817420959473,29.51372431700835,-9.391533e-05,0.00013110015,0.5160186,0.023803923,138.77595400810242,112.99657988548279,340.04,1.0,0.0
-0.004610601,0.024295298,0.0,1053,0.0,-0.16261470317840576,0.5007070302963257,830097121280,1,93,0.0012031912,0.050522454,0.0,2.8120322,0.40867767,0.047904186,4.306594,0.0054397695,0.0051351218,0.05308105,0.00023550757,0,0.00038294704,8.244888e-05,0.5105677,0.034338094,0.01881833,0.20404547,0.0048098657,0.052152947,0.02965652,[1],373795,13134.847482919693,27.301195237153582,0.00046409213,0.00010417312,0.515016,0.020495033,150.02589893341064,125.51029920578003,345.97,1.0,0.0
-0.003431423,0.025028082,0.0,1062,0.0,-0.03785145282745361,0.47279781103134155,828775174144,1,94,0.0004413111,0.04668336,0.0,2.812055,0.41247123,0.10432965,4.86736,0.0015307065,0.009109253,0.053251132,0.00027057392,0,-0.0003138599,8.600622e-05,0.50697875,0.034461446,0.027552782,0.29790515,0.004873573,0.05269386,0.029240305,[1],377054,13272.821048498154,29.686845740051385,-0.0003884068,0.00011323101,0.5105592,0.022539545,137.96861052513123,113.51892685890198,352.66,1.0,0.0
-0.004237226,0.02605681,0.0,1075,0.0,0.16073256731033325,0.5083025097846985,828835676160,1,95,0.001207489,0.05304701,0.0,2.8110228,0.41534442,0.19217269,4.741969,0.0033959872,-0.003545862,0.04713843,0.00044830755,0,-0.00042378862,0.00011071897,0.49662018,0.03719889,0.020911202,0.22546595,0.004712195,0.050807193,0.030576421,[1],382235,13419.077102184296,28.00567823851302,-0.00052304316,0.00011857529,0.5010559,0.024148801,146.2521584033966,120.73473882675171,362.26,1.0,0.0
-0.002440973,0.024837293,0.0,1085,0.0,0.1314476728439331,0.4764523506164551,828914925568,1,96,0.0008191813,0.047720343,0.032226562,2.8152728,0.39779526,0.10105592,4.482579,0.0066538574,0.004760667,0.04992248,0.00025674482,0,-0.00028699887,8.678335e-05,0.4968438,0.034313403,0.024992174,0.26873046,0.004751841,0.05109457,0.029317934,[1],386343,13562.057837724686,28.647216039345555,-0.00034693867,0.00010987404,0.49940467,0.024458537,142.97464632987976,118.55202984809875,367.23,1.0,0.0
-0.0064249006,0.023104338,0.0,1095,0.0,0.08556473255157471,0.5148462951183319,828517683200,1,97,0.0015585443,0.0496207,0.12695312,2.8185925,0.39934945,0.03378362,4.3950653,0.0067403885,0.0040439647,0.05107669,0.00023061996,0,-0.00023408298,8.078925e-05,0.49034944,0.033154543,0.025271079,0.2709657,0.004681398,0.050195653,0.028392099,[1],389866,13710.724973917007,27.551482492413452,-0.0002910708,0.00010844558,0.4968883,0.021809477,148.66378355026245,123.77753591537476,369.85,1.0,0.0
-0.0013344225,0.02548565,0.0,1106,0.0,0.20022588968276978,0.48275625705718994,828186001408,1,98,0.00099055,0.0454826,0.078125,2.8141103,0.40820348,0.09196469,4.2109113,0.005170579,0.0057315053,0.048696086,0.00029609393,0,-0.00015506025,7.82232e-05,0.49042577,0.035450276,0.022620723,0.24190733,0.0046648188,0.04988584,0.029597925,[1],393484,13854.600602149963,28.46903303833407,-0.0002026155,0.00010671397,0.4918553,0.02258021,143.796204328537,118.9768693447113,369.7,1.0,0.0
-0.0010389551,0.02541004,0.0,1116,0.0,-0.11751210689544678,0.48498737812042236,827855396864,1,99,0.0004658373,0.049700156,0.0,2.8134007,0.4015121,0.035224322,4.679029,0.0032057757,0.00077621086,0.04799671,0.00033374483,0,-7.481283e-05,6.255709e-05,0.4895877,0.035410997,0.03202663,0.3415525,0.004792594,0.051111292,0.030601447,[1],397675,14000.325690984726,28.107719811634045,-9.668085e-05,9.5506526e-05,0.49067038,0.022349114,145.64228534698486,121.36399865150452,378.42,1.0,0.0
-0.0017125895,0.024794908,0.0,1129,0.0,0.3899284601211548,0.5564829409122467,822464798720,1,100,0.00078499655,0.050494477,0.038085938,2.8117278,0.41333908,0.078621805,4.625494,0.005009723,-0.001592478,0.04642329,0.00033301796,0,2.2342747e-06,8.93458e-05,0.48718184,0.037217073,0.024594927,0.2615596,0.004803839,0.051087372,0.0291652,[1],403124,14140.102962970734,29.30376443407949,-6.7745577e-06,0.00012049734,0.48891246,0.025606977,139.77906203269958,115.28262281417847,383.36,1.0,0.0
-0.004234868,0.025361054,0.0,1138,0.0,0.18635642528533936,0.4222949147224426,821442068480,1,101,0.0010570379,0.048405893,0.0,2.8099475,0.41154972,0.059280604,4.3284793,0.0044345194,0.0019034551,0.047728576,0.00022917378,0,-6.45936e-05,7.580352e-05,0.48545516,0.033330668,0.025768066,0.2732941,0.004661344,0.049437847,0.02892618,[1],406350,14287.35483455658,27.81628333164354,-9.354614e-05,0.0001147224,0.48974794,0.024436206,147.1582818031311,121.75092577934265,383.35,1.0,0.0
-0.005253019,0.024539867,0.0,1150,0.0,-0.4933505058288574,0.4542633295059204,821299023872,1,102,0.0018372438,0.043259732,0.015625,2.8120456,0.37166744,0.17763469,4.4118853,0.0057196403,0.010773044,0.05155167,0.00033093768,0,-3.0313855e-05,5.4856522e-05,0.47484684,0.033190288,0.021135217,0.22355583,0.0044525135,0.04709606,0.028654,[1],411670,14434.553880929947,27.826267092163658,-5.0240724e-05,9.5587726e-05,0.4801397,0.022970233,147.23661375045776,123.12760829925537,396.16,1.0,0.0
-0.002237145,0.0255359,0.0,1160,0.0,-0.819594144821167,0.48223358392715454,821279211520,1,103,0.0012264281,0.044450887,0.052734375,2.809932,0.3717933,0.075549096,4.1340957,0.007560442,0.0052228654,0.04715676,0.00029293887,0,7.41118e-05,5.0731e-05,0.47592783,0.035457682,0.022190645,0.23411155,0.0045767426,0.04828468,0.028365297,[1],415115,14572.104959249496,29.77803328996275,8.055207e-05,8.4439984e-05,0.47815213,0.022461526,137.50980234146118,113.2989330291748,388.2,1.0,0.0
-0.0027552084,0.025438003,0.0,1171,0.0,-0.26264727115631104,0.48099714517593384,817798467584,1,104,0.0013503486,0.047477998,0.041992188,2.8037763,0.4058839,0.0624445,4.3449955,0.007263957,0.0034747364,0.048518784,0.00036982697,0,0.00052232697,8.5889405e-05,0.4727384,0.03526814,0.030549122,0.3214473,0.0046026157,0.048430145,0.029822621,[1],418899,14709.600641012192,29.790022343172406,0.0006330647,6.634892e-05,0.47527212,0.023558702,137.482497215271,113.17454218864441,382.8,1.0,0.0
0.0020825113,0.024722505,0.0,1180,0.0,0.06601148843765259,0.5017894506454468,818653970432,1,105,0.00095800863,0.048372354,0.0,2.7961082,0.4159464,0.08173789,4.826696,0.004759947,-0.0021459747,0.043719936,0.0002896655,0,0.0011008135,0.00018981495,0.4753117,0.034869272,0.023535598,0.24698018,0.0049115284,0.05154108,0.028629465,[1],422591,14851.712617874146,28.82234195578769,0.001340531,0.00013212922,0.4727497,0.02279964,142.10762476921082,116.80379748344421,379.76,1.0,0.0
-0.0029416985,0.024313867,0.0,1195,0.0,-0.06081056594848633,0.4545412063598633,818074636288,1,106,0.0014524965,0.048321486,0.060546875,2.7900338,0.43253422,0.16414608,4.33743,0.00787533,-0.0027973992,0.04306955,0.00033549828,0,0.00068338553,0.00013135449,0.46509826,0.03287616,0.025273884,0.2645136,0.0044216383,0.04627637,0.027551115,[1],428259,14995.313171625137,28.523568260875315,0.00084253564,7.927448e-05,0.46772164,0.022491846,143.59719920158386,117.48966693878174,383.93,1.0,0.0
-0.00036656627,0.0232614,0.0,1200,0.0,-0.03265786170959473,0.39891791343688965,818061406208,1,107,0.0018045949,0.04659168,0.06933594,2.7801132,0.40507498,0.036681917,4.7930665,0.007786861,0.001368311,0.04544966,0.00026978247,0,-0.0003480547,7.9153826e-05,0.47063053,0.029962638,0.019155242,0.19994627,0.0046798806,0.04884953,0.026284812,[1],430501,15134.321554422379,29.465847915773203,-0.00040494365,0.00010186963,0.47111088,0.020839369,138.99895977973938,113.20626091957092,389.63,1.0,0.0
-0.0012554649,0.023132473,0.0,1213,0.0,-0.12719273567199707,0.5581104159355164,817446084608,1,108,0.0011716206,0.04878865,0.12792969,2.7781997,0.42997882,0.060482435,4.5133815,0.006327932,-0.0019307798,0.044316217,0.00023654288,0,-0.0013485802,0.00023614736,0.46743226,0.03492834,0.01689864,0.17592068,0.004612153,0.048014104,0.027842741,[1],435437,15268.012242555618,30.637884878430157,-0.001664044,8.1847706e-05,0.4693187,0.02063668,133.60935926437378,106.79461359977722,386.15,1.0,0.0
0.0005155294,0.024062296,0.0,1224,0.0,-0.03962349891662598,0.5843139588832855,809820864512,1,109,0.0014734648,0.04443244,0.06738281,2.7825496,0.40924686,0.12668659,4.3392987,0.006594144,0.0039790682,0.045940857,0.00031190083,0,-0.0015879835,0.00025994572,0.46332133,0.03751026,0.028617674,0.29715323,0.0045403913,0.047145408,0.028458294,[1],439988,15406.842588663101,29.503636019381982,-0.0019269685,9.726378e-05,0.4634838,0.025343386,138.82406044006348,112.11911249160767,388.59,1.0,0.0
-0.0004868461,0.02380587,0.0,1232,0.0,-0.022230029106140137,0.4854087233543396,816125751296,1,110,0.0012156484,0.046429336,0.0,2.7787988,0.41252077,0.08397746,4.978872,0.004824766,0.0016640057,0.045544647,0.00023010364,0,-0.0014870552,0.00022013701,0.46362907,0.033249214,0.02576927,0.26688135,0.004600258,0.047642913,0.027885962,[1],442790,15547.243493556976,29.17360119617159,-0.001803891,0.00010496803,0.4647496,0.02512702,140.39789962768555,115.92914819717407,384.84,1.0,0.0
0.0043319324,0.024694465,0.0,1251,0.0,0.015438616275787354,0.5577341020107269,816883847168,1,111,0.0023147727,0.043914817,0.15039062,2.7709985,0.42452973,0.12968114,4.3787913,0.00796135,-0.00087690307,0.0405522,0.0002852816,0,-0.0013748349,0.00027172494,0.46556625,0.037327815,0.02148415,0.22191183,0.0048218127,0.049804967,0.029171575,[1],449648,15693.702234745026,27.96692110545551,-0.0017172028,0.0001059441,0.46191904,0.024238396,146.45532321929932,125.34230279922485,376.13,1.0,0.0
0.00083473435,0.023904784,0.0,1257,0.0,-0.13163793087005615,0.5380809903144836,806025109504,1,112,0.0014192105,0.04183095,0.0,2.7768874,0.3926134,0.110229306,4.93639,0.0039286283,0.004584818,0.043889876,0.0002509958,0,-0.0011596468,0.00015857973,0.46890616,0.035288956,0.024906976,0.25657645,0.004714067,0.04856144,0.028146256,[1],452188,15836.807138204575,28.62236097927199,-0.0013897022,0.00012792964,0.46853155,0.025765281,143.10047245025635,122.38579559326172,380.96,1.0,0.0
0.0010862801,0.024428949,0.0,1275,0.0,0.19619661569595337,0.5166414082050323,816692183040,1,113,0.001902909,0.043629967,0.14453125,2.7827582,0.40533605,0.16876616,5.054603,0.0058915075,0.0042767413,0.045432325,0.00030837418,0,-0.00078956375,0.00018323676,0.46432844,0.035194863,0.028255206,0.29029566,0.0046436563,0.047709197,0.02847255,[1],457754,15977.719629764557,29.067683620124058,-0.000988621,0.00012776935,0.46364027,0.024857681,140.90489196777344,120.69273686408997,372.95,1.0,0.0
-0.0021687697,0.022223288,0.0,1282,0.0,0.30988603830337524,0.5257887244224548,813858287616,1,114,0.0019592475,0.04545277,0.0703125,2.7912154,0.4077317,0.14129314,4.8731694,0.004913228,-0.00051415706,0.042428438,0.00028104213,0,-0.00038380155,0.00011104994,0.4592479,0.032304708,0.01798775,0.18433006,0.00440953,0.045186806,0.026207473,[1],460100,16122.031241893768,28.383024342716016,-0.0004693438,0.00013937597,0.46158773,0.025255471,144.30649042129517,127.218421459198,367.39,1.0,0.0
-0.0016741247,0.025229428,0.0,1295,0.0,-0.5934445858001709,0.5277992784976959,815556603904,1,115,0.0017722042,0.045941897,0.0,2.795216,0.39593124,0.071025476,4.6971025,0.0051341304,-0.0020527248,0.041363925,0.00026996862,0,0.00014648892,6.959628e-05,0.45550328,0.03670845,0.016347697,0.16709636,0.004528768,0.046290353,0.026975468,[1],464675,16264.52949142456,28.744212887151043,0.0001720667,0.00011191698,0.45712623,0.024788376,142.42981123924255,125.71795678138733,364.16,1.0,0.0
-9.141746e-05,0.025077581,0.0,1310,0.0,-0.531570553779602,0.5389625132083893,813759324160,1,116,0.0006656989,0.046788298,0.005859375,2.795095,0.41677862,0.061740927,4.238443,0.005102265,-0.00080003636,0.04360104,0.0004078722,0,0.0005892402,0.00012360356,0.45195016,0.03689712,0.018742032,0.19108939,0.004539126,0.04627987,0.02771078,[1],470195,16406.519951820374,28.847008421971744,0.0007282725,0.00012340346,0.4517635,0.025244134,142.06574249267578,127.00096726417542,364.01,1.0,0.0
-0.0013218645,0.024676844,0.0,1319,0.0,-0.3235816955566406,0.4963763952255249,813542633472,1,117,0.0013396892,0.04313106,0.0390625,2.7915876,0.4140615,0.07106172,4.49968,0.0072472706,0.0036971555,0.044305373,0.00026874366,0,0.0008400856,0.00013946847,0.45046997,0.034667734,0.027266419,0.27730513,0.0044535436,0.045293465,0.026984211,[1],473238,16547.821397781372,28.987672124092505,0.0010228399,0.00011898809,0.45142633,0.026080403,141.21647596359253,128.11708188056946,353.29,1.0,0.0
-0.0014464555,0.022048973,0.0,1330,0.0,0.0204465389251709,0.5435583889484406,814586892288,1,118,0.0003179534,0.04449474,0.0,2.7891846,0.42923915,0.11093453,4.7854066,0.000947295,-0.0015784285,0.04038879,0.0002616629,0,0.0010487629,0.00018145167,0.4511387,0.03256839,0.02851964,0.28932446,0.0045175115,0.045828998,0.026860557,[1],477082,16699.027563095093,27.08884251843613,0.0012845345,0.00010758206,0.45211363,0.02323744,151.20282626152039,137.52507400512695,350.88,1.0,0.0
-0.0028790925,0.022889191,0.0,1344,0.0,0.11773604154586792,0.5015150606632233,814602883072,1,119,0.00053762284,0.042234946,0.0,2.7923782,0.40082425,0.02903286,4.9917655,0.0025668803,0.0013852515,0.041166645,0.00033882385,0,0.0010307713,0.00019857782,0.44574505,0.032338403,0.026135731,0.2644937,0.0042925132,0.043440253,0.026226709,[1],481564,16846.62096977234,27.75191723552809,0.001264628,0.000104766965,0.44815642,0.02389364,147.58830285072327,133.8581507205963,344.17,1.0,0.0
-0.003446436,0.022046952,0.0,1358,0.0,0.29896700382232666,0.5074212849140167,814560747520,1,120,0.0005751728,0.040648222,0.0,2.7931542,0.41364187,0.11020148,4.2104235,0.0030643437,0.008084847,0.046216454,0.00027654154,0,0.0008927876,0.00018654234,0.44190246,0.031303447,0.02701464,0.27273142,0.0042962073,0.04337318,0.026370574,[1],486383,16993.912502527237,27.8087946410044,0.0010990428,0.000121540215,0.44493634,0.023193508,147.28585815429688,133.08522582054138,338.12,1.0,0.0
-0.0016518969,0.024433482,0.0,1368,0.0,0.21905368566513062,0.5070532262325287,814519324672,1,121,0.001704189,0.038674347,0.12207031,2.7876778,0.37547392,0.04348696,4.5412955,0.007091621,0.0031820526,0.03936536,0.00029663666,0,0.00046302628,0.00010476425,0.43955082,0.034723192,0.017045878,0.17167768,0.0042831604,0.04313788,0.025992425,[1],489174,17139.10089635849,28.21162136440775,0.0005791744,0.00011167102,0.44097045,0.022444548,145.18466424942017,131.25387454032898,335.5,1.0,0.0
-0.0034411256,0.023717813,0.0,1381,0.0,-0.3724251985549927,0.5209868550300598,813583986688,1,122,0.0016218043,0.041381717,0.15234375,2.7773952,0.3816895,0.102210626,4.248872,0.006877915,0.0019233426,0.04076429,0.00023662818,0,2.8500644e-05,6.215325e-05,0.43175426,0.034222472,0.018776793,0.18866703,0.004228398,0.042486455,0.025666859,[1],493438,17290.51171374321,27.052228306729702,5.0255912e-05,0.00010298519,0.43515188,0.0239944,151.40541672706604,137.04792284965515,335.83,1.0,0.0
-0.00077571557,0.021536168,0.0,1395,0.0,-0.19826090335845947,0.5416739881038666,814124572672,1,123,0.001233652,0.048026193,0.064453125,2.7761314,0.41092902,0.30427128,4.6333313,0.006393384,-0.009738961,0.03585798,0.00034687828,0,-0.00033110305,8.408446e-05,0.42692655,0.031810123,0.025182983,0.25245386,0.004155937,0.041662354,0.025016163,[1],498059,17430.225825309753,29.31701055784749,-0.0004030778,9.802927e-05,0.4278462,0.023420017,139.71176934242249,124.67076826095581,333.84,1.0,0.0
-0.0023144488,0.022009669,0.0,1407,0.0,-0.3879920244216919,0.5690317749977112,813773869056,1,124,0.00064036157,0.039626554,0.0,2.779451,0.4200956,0.059411254,4.777175,0.002324262,0.0017174587,0.038813338,0.0002487745,0,-0.00037274984,8.060465e-05,0.42769265,0.033549156,0.025803493,0.25807905,0.0041285874,0.041292932,0.024963219,[1],502169,17576.531276464462,27.996222247698217,-0.0004570273,8.969947e-05,0.43017566,0.023114176,146.3004605770111,131.98751378059387,334.01,1.0,0.0
0.0059168204,0.024956707,0.0,1420,0.0,-0.4496595859527588,0.5002564787864685,813527592960,1,125,0.0013273231,0.04485348,0.03125,2.7819214,0.40779245,0.11307755,4.3758206,0.005206816,-0.0021721842,0.040201265,0.00030189194,0,-0.00030782667,6.990351e-05,0.43948284,0.035339188,0.024541598,0.24487144,0.0046571144,0.046467807,0.028658377,[1],506129,17719.630089998245,28.62357769204986,-0.00038400578,7.845612e-05,0.43371838,0.021156218,143.09349465370178,128.475013256073,326.08,1.0,0.0
0.00022325641,0.023554854,0.0,1430,0.0,-1.0,0.5944640338420868,811835916288,1,126,0.0013276218,0.038663402,0.040039062,2.7844899,0.42422166,0.13126028,4.2097178,0.0051240367,0.004063752,0.040154938,0.00021227171,0,-0.00017976391,5.5992972e-05,0.4382351,0.037035014,0.027264653,0.2713697,0.0044716257,0.044506848,0.027010769,[1],509409,17865.922283649445,27.99876091338651,-0.00022137922,9.956069e-05,0.4380951,0.026505115,146.29326128959656,131.51665878295898,323.27,1.0,0.0
-0.0015491138,0.02288952,0.0,1440,0.0,-1.0,0.524316281080246,813685645312,1,127,0.0017867027,0.044982642,0.0,2.790893,0.4372639,0.1941717,4.02943,0.005312108,-0.004260502,0.038237385,0.0003061372,0,-0.00018479867,6.073508e-05,0.43103358,0.033184983,0.01736196,0.17239505,0.0042480966,0.04218135,0.02521009,[1],512660,18009.920227766037,28.444849655837547,-0.00022842934,0.000109455024,0.43266997,0.026108842,143.91651725769043,128.88186168670654,322.56,1.0,0.0
-0.0015486254,0.023397429,0.0,1455,0.0,-1.0,0.4378020167350769,812549701632,1,128,0.0009394104,0.03934317,0.0,2.7931159,0.40566638,0.07541314,4.3764405,0.0039548567,0.003945631,0.040773045,0.00027735773,0,-0.0002475783,6.74255e-05,0.43223965,0.031186858,0.018639708,0.1846459,0.004280362,0.042401485,0.025259182,[1],518212,18151.80624628067,28.868243541784054,-0.0002959747,0.000110984925,0.4338851,0.024944045,141.884685754776,127.07623672485352,329.2,1.0,0.0
0.0012530297,0.023384431,0.0,1464,0.0,-1.0,0.47288405895233154,813552721920,1,129,0.001478583,0.042637028,0.09375,2.7884173,0.4146104,0.09509426,4.8035316,0.006201303,-0.004554013,0.035496652,0.00020205278,0,-6.407694e-05,5.0154766e-05,0.43558562,0.03222897,0.025735777,0.25435093,0.004343201,0.042924576,0.025680419,[1],521350,18294.913682222366,28.62185356135206,-7.568969e-05,0.000101350925,0.43435585,0.021215692,143.09939980506897,127.55429601669312,332.61,1.0,0.0
-0.0033363788,0.02315947,0.0,1480,0.0,-1.0,0.535992294549942,810853191680,1,130,0.0012188787,0.041212305,0.0,2.7851498,0.41813236,0.065792605,4.7072067,0.0044820677,0.0006906388,0.039462354,0.00034455952,0,-0.0001853542,6.0085917e-05,0.42890596,0.034004085,0.02669428,0.26320836,0.004153502,0.04095396,0.025532158,[1],527045,18433.96945500374,29.455805093369605,-0.00022842342,9.58466e-05,0.4323285,0.022310851,139.17804384231567,121.25074362754822,338.06,1.0,0.0
0.0014712409,0.025416568,0.0,1494,0.0,-1.0,0.5844034552574158,809374773248,1,131,0.0015168468,0.04267898,0.1015625,2.78607,0.40266,0.07672506,4.8026505,0.0063424776,-0.0038321228,0.036415905,0.00035511857,0,-9.387768e-05,5.4750974e-05,0.43161583,0.039430622,0.021111066,0.20768279,0.00432363,0.042534262,0.026988836,[1],531258,18580.922394275665,27.87286887175511,-0.000112790294,0.00010272975,0.43018243,0.024462221,146.82127737998962,129.6339111328125,335.29,1.0,0.0
-0.0028535544,0.023694558,0.0,1504,0.0,-1.0,0.5274563133716583,818185011200,1,132,0.0013208073,0.039238922,0.0546875,2.7812939,0.3940128,0.07165806,4.4784694,0.0049264724,0.0006322486,0.037413843,0.00032396562,0,3.149318e-05,5.0179584e-05,0.42800018,0.034454595,0.02352964,0.23094162,0.0041679833,0.040908437,0.025258021,[1],534248,18724.10809445381,28.606208926351734,3.6162695e-05,9.898696e-05,0.43084437,0.025545847,143.18148946762085,126.59093117713928,333.65,1.0,0.0
0.0019182041,0.024477025,0.0,1518,0.0,-0.2406851053237915,0.5594133734703064,815802621952,1,133,0.0012635281,0.043565147,0.0,2.7753022,0.42490488,0.09305205,4.4882526,0.0049265195,-0.00505596,0.036040504,0.0003066207,0,0.0006955402,0.00013546724,0.43464005,0.03683163,0.024201378,0.2369859,0.0044654985,0.04372727,0.025776178,[1],539114,18859.411695718765,30.27266188725243,0.0008636999,9.784005e-05,0.43238556,0.026414122,135.29822731018066,118.3947184085846,336.62,1.0,0.0
-0.0009290581,0.023286175,0.0,1530,0.0,-0.2730731964111328,0.6020893752574921,815832150016,1,134,0.0017495679,0.041361943,0.05078125,2.7721033,0.43767536,0.08623149,4.443581,0.0073628593,-0.003432195,0.035424646,0.0002670017,0,-0.00051129994,0.000117469586,0.43297827,0.036896665,0.023992259,0.23440227,0.0042272666,0.04130003,0.025773682,[1],543267,18997.006281852722,29.768612073621014,-0.0006129492,0.0001308221,0.43411064,0.027540743,137.58868098258972,120.28679490089417,338.58,1.0,0.0
-0.00043202244,0.021900486,0.0,1537,0.0,-0.802025556564331,0.5605208873748779,814877151232,1,135,0.0007237318,0.03841234,0.0,2.773164,0.4048505,0.061989576,4.3919425,0.0036699395,0.003394829,0.039259415,0.00022541154,0,-9.5693875e-05,6.319589e-05,0.4331569,0.033078574,0.015068008,0.14687225,0.0042936234,0.041851196,0.023943638,[1],545213,19140.62406039238,28.520145394617018,-0.00011136665,0.000106605825,0.43362027,0.026343578,143.61327266693115,124.51838827133179,335.05,1.0,0.0
-0.0038797704,0.021862235,0.0,1555,0.0,-0.06173133850097656,0.5871372520923615,786927284224,1,136,0.002843537,0.03625428,0.22363281,2.7833786,0.3954528,0.044209536,4.339409,0.008188616,0.0064539574,0.040145613,0.00022075529,0,0.0007637816,0.00015471739,0.42843908,0.033989463,0.024580518,0.23905572,0.0040865783,0.039743662,0.023849951,[1],551734,19297.11672616005,26.173750890047614,0.00094943633,9.5676965e-05,0.43194753,0.025891598,156.48951721191406,127.89085531234741,335.22,1.0,0.0
0.0012639645,0.023651367,0.0,1565,0.0,-0.1077570915222168,0.5701162219047546,771658391552,1,137,0.0024811532,0.041007597,0.23828125,2.7905455,0.4320962,0.09421389,4.7903805,0.0073650875,-0.0029639846,0.03552679,0.00027372243,0,0.0012406664,0.0002015169,0.42682597,0.035989076,0.023203298,0.22515798,0.004356019,0.042269528,0.025502168,[1],555317,19452.636783599854,26.337438589934923,0.0015185194,0.000101929996,0.42500627,0.026154296,155.50926232337952,135.62696719169617,337.27,1.0,0.0
-0.0015123195,0.023179948,0.0,1580,0.0,-0.006196141242980957,0.5383135974407196,769074405376,1,138,0.002192914,0.043277726,0.2421875,2.7955992,0.39950565,0.15385148,4.1449137,0.006667341,-0.002937408,0.037828505,0.00028378746,0,0.0013361415,0.00024967882,0.4174599,0.033953417,0.022109902,0.21406087,0.00414925,0.04017169,0.024016544,[1],559707,19596.66962647438,28.437958442354685,0.0016581649,0.000120229335,0.4183282,0.02609019,144.02351307868958,106.12153124809265,326.62,1.0,0.0
-0.0019448797,0.024718648,0.0,1591,0.0,0.05569636821746826,0.5399937033653259,746876997632,1,139,0.0019991877,0.035856195,0.15722656,2.8033042,0.38534176,0.15509388,4.529743,0.006430373,0.0063973637,0.039781433,0.00033117825,0,0.001154887,0.00019648901,0.4156806,0.036312763,0.022744367,0.21971436,0.004155083,0.040138792,0.02527668,[1],563563,19704.43549489975,38.00832326228622,0.0014228313,0.00011965825,0.41708958,0.023825215,107.77490997314453,89.0332772731781,332.98,1.0,0.0
0.0022887492,0.025070598,0.0,1603,0.0,-0.08844685554504395,0.585048258304596,732266733568,1,140,0.0011072729,0.037979737,0.018554688,2.8067245,0.38708776,0.08406803,4.262864,0.004926922,0.00042038428,0.035875425,0.00028202645,0,0.00049191655,0.000110088455,0.41583177,0.038804267,0.017619953,0.16983652,0.004250419,0.04096926,0.025400685,[1],567141,19806.688765764236,40.057398875101796,0.00060813106,0.000121840705,0.41331062,0.025846323,102.21947503089905,83.45154929161072,331.05,1.0,0.0
-0.0027487837,0.022627108,0.0,1616,0.0,0.10838037729263306,0.580103725194931,719603306496,1,141,0.0007612316,0.032961305,0.0,2.8077593,0.38571844,0.09744695,4.9571447,0.004579293,0.006452005,0.0368518,0.00024624856,0,4.8435744e-05,9.170092e-05,0.40897614,0.034840018,0.01988159,0.19121963,0.0039377306,0.03787279,0.022808753,[1],571455,19903.81161880493,42.17339145538637,7.1136834e-05,0.00014226508,0.4116795,0.027220404,97.18990302085876,77.03096604347229,329.2,1.0,0.0
-1.3113138e-05,0.023957042,0.0,1625,0.0,0.040127694606781006,0.5733660459518433,707783299072,1,142,0.0010391107,0.040557817,0.0107421875,2.8059764,0.4009976,0.082392685,4.8194885,0.008063997,-0.0025444815,0.03548894,0.00028158404,0,-9.135816e-05,7.9249054e-05,0.41257322,0.03663076,0.017245665,0.16550589,0.0042655966,0.040936746,0.024164159,[1],574688,20003.823710918427,40.95504766915397,-0.00010026006,0.00012116776,0.41260412,0.027673028,99.91773915290833,81.78188920021057,335.61,1.0,0.0
0.00184747,0.02694693,0.0,1636,0.0,0.35254961252212524,0.49592840671539307,685893488640,1,143,0.0012594508,0.037188806,0.0,2.8022366,0.38352942,0.18551834,4.438578,0.005347628,0.0018773635,0.03664005,0.00037611937,0,-9.421176e-05,8.826658e-05,0.4197213,0.037936848,0.024111036,0.2308945,0.004183772,0.04006505,0.025476273,[1],579322,20109.436141490936,38.78331249534634,-0.00010940729,0.0001224602,0.4179042,0.02576858,105.59137654304504,81.67168474197388,344.88,1.0,0.0
-0.0045632585,0.022306748,0.0,1645,0.0,0.19599461555480957,0.6048893630504608,695525371904,1,144,0.0015260319,0.03685347,0.095703125,2.8019607,0.4141752,0.11972294,4.3435473,0.006299265,0.001271788,0.035582233,0.00025893774,0,-4.978e-05,7.9822064e-05,0.4185776,0.035483535,0.022375714,0.21380982,0.004006851,0.03828723,0.023467595,[1],582428,20211.13241672516,40.27679640592076,-5.9227175e-05,0.000115315226,0.42315978,0.026804477,101.68531847000122,70.2772102355957,343.01,1.0,0.0
0.00017147395,0.023731437,0.0,1660,0.0,0.10425156354904175,0.5738012194633484,693732663296,1,145,0.0014479335,0.03353548,0.016601562,2.8005724,0.4164154,0.23388343,4.4303613,0.0059892973,0.0064618587,0.037516493,0.00031972767,0,-3.8626233e-05,7.743746e-05,0.41139925,0.036354434,0.015950112,0.15208402,0.004146971,0.03954129,0.023622738,[1],587859,20370.03590631485,25.776651717290147,-5.522339e-05,0.00011094444,0.41126096,0.027581075,158.90342116355896,108.59418225288391,344.02,1.0,0.0
-0.002362888,0.022362964,0.0,1670,0.0,-0.2893913984298706,0.5592403411865234,715710840832,1,146,0.0008601294,0.036117744,0.041992188,2.8034244,0.39227512,0.05316079,4.2100525,0.0054255296,0.004129495,0.037693195,0.00024938126,0,-3.5267396e-05,5.5713284e-05,0.40862066,0.033705883,0.015402975,0.14656024,0.003940858,0.037497498,0.021946263,[1],592169,20488.999192237854,34.43079022874711,-4.0469677e-05,8.963886e-05,0.410994,0.027491996,118.94494652748108,98.34507131576538,355.4,1.0,0.0
0.0032705949,0.023455653,0.0,1681,0.0,-0.4999324083328247,0.5255407094955444,714867322880,1,147,0.0012302126,0.03959448,0.0,2.799386,0.41803902,0.06421961,5.267466,0.0046691485,-0.0046549914,0.032349207,0.00020910696,0,6.83257e-05,4.3731343e-05,0.40950215,0.03404318,0.026664216,0.25316533,0.004333748,0.041147087,0.026693095,[1],595656,20598.417731523514,37.43424299178352,8.7463486e-05,7.020234e-05,0.40619332,0.025547339,109.41550135612488,88.60008978843689,355.02,1.0,0.0
6.105998e-05,0.020365588,0.0,1698,0.0,-1.0,0.5806945860385895,754060308480,1,148,0.0010150274,0.035062157,0.038085938,2.7972274,0.39590308,0.06279963,4.2990375,0.005411506,0.0006403725,0.03313623,0.00023092963,0,-1.931007e-05,3.5965582e-05,0.40784988,0.031442266,0.021376105,0.20252456,0.003998127,0.037879623,0.02391261,[1],601263,20745.80330634117,27.791050236298602,-2.0895444e-05,6.632969e-05,0.407792,0.023332914,147.38601756095886,121.10167121887207,357.44,1.0,0.0
0.0019567946,0.02321516,0.0,1709,0.0,-0.5716499090194702,0.5666700899600983,766498447360,1,149,0.0015652378,0.034118313,0.0068359375,2.7967067,0.41534472,0.14792557,4.0952177,0.005052388,0.0038181578,0.035356272,0.00021650655,0,-8.741849e-06,3.9046103e-05,0.41352886,0.03526009,0.023710309,0.22416276,0.004112044,0.03887622,0.02493002,[1],604905,20881.003440618515,30.29582816621382,-1.3694538e-05,6.497157e-05,0.411582,0.02497383,135.1220314502716,108.7835419178009,361.24,1.0,0.0
-0.003742593,0.021126764,0.0,1722,0.0,-0.3252197504043579,0.616172194480896,815611129856,1,150,0.0009905463,0.03635045,0.0,2.7959273,0.4062992,0.03509105,4.5687075,0.003352741,0.0038815115,0.03762158,0.00018554521,0,-4.644135e-05,3.7771653e-05,0.41525492,0.034086894,0.02133361,0.20127344,0.003921756,0.037000082,0.022078803,[1],608937,21014.50435423851,30.681472434075662,-5.749685e-05,5.7872083e-05,0.4190196,0.027272858,133.59288024902344,107.97790384292603,354.09,1.0,0.0
0.000370151,0.02466603,0.0,1736,0.0,-0.5230041742324829,0.5351628363132477,831838879744,1,151,0.0013715079,0.031012159,0.049804688,2.798986,0.38486913,0.13997887,4.8806825,0.007757255,0.0044825235,0.033026904,0.0003312067,0,-8.82443e-05,3.556405e-05,0.41272727,0.036174435,0.022064427,0.20773727,0.004103761,0.038637046,0.024662,[1],613482,21151.215891122818,29.96086180727865,-0.00010495531,5.1957686e-05,0.4123905,0.02513037,136.5158371925354,110.9096474647522,341.6,1.0,0.0
0.001027128,0.023709664,0.0,1742,0.0,-0.05505228042602539,0.5501636266708374,824626094080,1,152,0.0019788593,0.040459868,0.16503906,2.7983513,0.42106766,0.079070784,4.9825277,0.008174526,-0.0019889805,0.035989217,0.0003166835,0,-0.00038705568,6.44505e-05,0.41918573,0.03534426,0.023524495,0.22101241,0.004302062,0.040417835,0.023148179,[1],615533,21294.464718341827,28.59360199868869,-0.00046080485,6.7602865e-05,0.41830608,0.026388742,143.1919014453888,115.54470682144165,341.94,1.0,0.0
-0.00021081412,0.023029324,0.0,1753,0.0,-0.3925800323486328,0.5367521941661835,835913289728,1,153,0.0016958417,0.03245119,0.11328125,2.7953491,0.38752708,0.25735286,4.969423,0.008254867,0.006487878,0.036421366,0.00027764714,0,-0.0016870898,0.00026339781,0.41768184,0.033739686,0.019619457,0.18393677,0.004049791,0.03796769,0.023191277,[1],618832,21438.926907777786,28.353440607208704,-0.0020536047,0.00016029664,0.4186257,0.025545895,144.50763630867004,116.99516463279724,338.03,1.0,0.0
0.0002523464,0.02279443,0.0,1768,0.0,-0.1361483335494995,0.5702771246433258,823582539776,1,154,0.0020987433,0.037172858,0.1953125,2.7876859,0.4220152,0.046626113,4.8434753,0.006656278,0.001157359,0.035769284,0.0002267527,0,-0.0009861744,0.00019352596,0.42097893,0.034828916,0.018900752,0.1768232,0.004215968,0.03944186,0.023194723,[1],624833,21585.174391269684,28.007319023542784,-0.0012209835,0.00012312451,0.42119622,0.026260322,146.1626751422882,119.15589189529419,334.25,1.0,0.0
-5.41021e-05,0.022642983,0.0,1776,0.0,0.05243039131164551,0.5480164289474487,822305083392,1,155,0.0016757734,0.037023477,0.06640625,2.7866392,0.39268017,0.12519696,4.8237133,0.006347849,-0.003348178,0.031244006,0.00035534514,0,-0.0010882138,0.00018242643,0.4138276,0.03379874,0.022955986,0.21431264,0.0040819496,0.038108297,0.02354733,[1],628090,21730.023165225983,28.2777676410847,-0.0013062701,0.000155431,0.41431782,0.025687275,144.84148812294006,118.32152652740479,338.58,1.0,0.0
0.00028133742,0.021311507,0.0,1792,0.0,-0.1604907512664795,0.5665569305419922,821429526528,1,156,0.0021573976,0.034531713,0.12109375,2.793319,0.40312862,0.17524906,4.8086057,0.0061815907,0.0047862846,0.036757264,0.00023258447,0,-0.0013536608,0.0002582093,0.40913832,0.03243931,0.023308462,0.21715596,0.004015412,0.03741005,0.023041628,[1],634011,21864.709713935852,30.41135615276436,-0.0016956623,0.00011245346,0.409541,0.02423212,134.7678542137146,108.89928412437439,346.09,1.0,0.0
-0.0018260297,0.02236325,0.0,1802,0.0,0.0025787949562072754,0.5670387744903564,820785164288,1,157,0.0029769652,0.03665842,0.25585938,2.7980754,0.42140198,0.17213528,4.8657837,0.007119503,-0.0017817407,0.032449532,0.00037092718,0,-0.0010551442,0.00018369223,0.4035226,0.03418313,0.021762349,0.20233825,0.003966081,0.03687515,0.022025025,[1],637483,21982.720329761505,34.7087360276904,-0.0012890064,0.00012694026,0.40581638,0.02520924,117.91814851760864,91.92054557800293,348.64,1.0,0.0
0.00089322816,0.02389082,0.0,1811,0.0,0.02656310796737671,0.5157589912414551,829564448768,1,158,0.002343189,0.037456315,0.11230469,2.8122153,0.40705228,0.1349215,4.250852,0.0063806656,-0.0051260875,0.029891668,0.00037365628,0,-0.0010519827,0.00016104261,0.39642888,0.03443273,0.02109789,0.19576815,0.00391781,0.036353514,0.022416156,[1],640810,22123.832504749298,29.026553353596128,-0.0012745417,8.3016974e-05,0.39598072,0.024683436,141.10641527175903,116.30724954605103,352.89,1.0,0.0
0.0021256865,0.022969708,0.0,1818,0.0,-0.021556973457336426,0.5632037222385406,828302774272,1,159,0.0014159565,0.032051377,0.029296875,2.8131573,0.38407028,0.20805049,4.1915345,0.009156292,0.0036279534,0.033092126,0.00022595163,0,-0.0009769576,0.00014044651,0.3997811,0.034802623,0.018306613,0.16952358,0.0041143345,0.038099714,0.022130648,[1],643226,22267.027228593826,28.604405684443314,-0.0011868158,9.1173024e-05,0.3980751,0.024265565,143.12660813331604,117.50074458122253,355.04,1.0,0.0
-0.00024176599,0.022380678,0.0,1829,0.0,0.0962228775024414,0.5691130459308624,817878867968,1,160,0.0023421047,0.032973126,0.17871094,2.8120172,0.40202102,0.1190632,4.9227185,0.006499613,0.0031629358,0.033561863,0.00023781754,0,-0.0008043134,0.00013972155,0.40469712,0.034152742,0.016386507,0.15143758,0.003949278,0.036497653,0.022309685,[1],647124,22402.42204284668,30.252266154554473,-0.0009876175,7.0495604e-05,0.40530547,0.024217926,135.39964294433594,109.80184483528137,359.18,1.0,0.0
0.0005016723,0.02322777,0.0,1842,0.0,0.24279862642288208,0.49358057975769043,824462012416,1,161,0.0012905619,0.03748224,0.078125,2.8143413,0.42187333,0.043148186,4.502199,0.0072069974,-0.00053100695,0.034413517,0.0002766261,0,-0.00065639615,0.00012876932,0.40432996,0.03269749,0.025537092,0.23552401,0.004164185,0.03840553,0.023179108,[1],652954,22544.00374698639,28.93029184512938,-0.0008121078,7.741567e-05,0.4041397,0.024955058,141.41006898880005,114.58844375610352,374.21,1.0,0.0
-0.001508536,0.020488853,0.0,1857,0.0,0.20398229360580444,0.5828491449356079,818696675328,1,162,0.0020548045,0.03432097,0.22460938,2.8253148,0.4200272,0.16176035,4.4186163,0.008205742,-0.004257316,0.027560359,0.00032202015,0,-0.00046871626,0.00010042436,0.40117383,0.031776268,0.014117003,0.12994406,0.0037502905,0.034520634,0.021147707,[1],657844,22688.81963825226,28.284188546036034,-0.0005861909,6.47458e-05,0.40291733,0.023531646,144.807226896286,118.28837609291077,374.2,1.0,0.0
-6.145291e-05,0.022820812,0.0,1865,0.0,0.10450237989425659,0.5751560032367706,818704982016,1,163,0.0018947315,0.041268457,0.08886719,2.8249955,0.4281056,0.076306194,4.8301706,0.0058254916,-0.0034042646,0.035385717,0.00034652086,0,-0.0001967609,5.9556314e-05,0.3997988,0.03505654,0.022928137,0.21062014,0.0041551245,0.038169388,0.023784574,[1],661244,22826.153937339783,29.825033086681902,-0.00024493592,7.986886e-05,0.39995664,0.02468311,137.24975991249084,112.13524580001831,372.77,1.0,0.0
-0.0008600829,0.021378133,0.0,1876,0.0,0.35083043575286865,0.5520599484443665,818685333504,1,164,0.0024902504,0.03515096,0.2626953,2.8212235,0.39651483,0.06405351,4.528103,0.00881499,-0.002288711,0.030245772,0.0002047466,0,9.015663e-05,5.961489e-05,0.39810568,0.03194667,0.021615414,0.19817397,0.0039075213,0.03582485,0.022062644,[1],665270,22969.528458595276,28.56853465803123,0.00011132602,7.986736e-05,0.39892343,0.023686618,143.4432623386383,117.10403871536255,371.8,1.0,0.0
-0.003426838,0.021258961,0.0,1889,0.0,0.18220674991607666,0.5545664131641388,819871698944,1,165,0.001684869,0.028623346,0.07324219,2.8223839,0.3950407,0.2559408,4.5575037,0.005403423,0.011070033,0.037134036,0.00026304112,0,0.0003639468,8.6477114e-05,0.39686823,0.03181235,0.015777886,0.14437419,0.0037567602,0.034375913,0.021035228,[1],669518,23112.138775587082,28.72162477509171,0.00043751835,9.1117654e-05,0.4001479,0.024166744,142.5331563949585,117.06539058685303,366.6,1.0,0.0
0.0043173223,0.026619228,0.0,1898,0.0,-0.08070731163024902,0.5677275061607361,832184684544,1,166,0.0026316072,0.044311352,0.20117188,2.8269756,0.42619622,0.30003166,4.380937,0.010566566,-0.014210692,0.027854042,0.00058035797,0,0.00062196114,0.00010375057,0.40362126,0.040428523,0.01624683,0.14837085,0.004301429,0.03928192,0.024188343,[1],672900,23256.10523700714,28.451074991646202,0.00075137906,7.8871206e-05,0.3990451,0.024807457,143.99985766410828,117.9818913936615,367.79,1.0,0.0
-0.0018212922,0.02256383,0.0,1914,0.0,-0.02976226806640625,0.6353619396686554,831791697920,1,167,0.0019135831,0.03431616,0.028320312,2.8278203,0.41088656,0.08706463,4.891952,0.0054318393,0.0025732082,0.03432808,0.00026653273,0,0.0006731988,0.00013703681,0.40097493,0.03728401,0.018865462,0.17194314,0.003986147,0.036330447,0.023418235,[1],677969,23404.2150118351,27.65515940940795,0.00083283684,8.4127234e-05,0.40247697,0.027476933,148.0026557445526,122.69570684432983,360.22,1.0,0.0
-0.0020950055,0.022332594,0.0,1926,0.0,-0.105782151222229,0.5105849206447601,839910510592,1,168,0.0016003222,0.035380602,0.06347656,2.829534,0.37303716,0.06278301,4.412161,0.005684352,0.00048776018,0.033280812,0.00024198543,0,0.00048120652,8.565154e-05,0.4037159,0.031892072,0.023196194,0.2110022,0.0038878014,0.035365053,0.021797389,[1],682609,23548.81624031067,28.326177007123437,0.0005834771,6.80299e-05,0.40560636,0.025342457,144.5979220867157,120.20882034301758,366.45,1.0,0.0
-0.0022194074,0.021398159,0.0,1936,0.0,-0.044156789779663086,0.5985517501831055,840577159168,1,169,0.0015888059,0.036916383,0.09765625,2.8270135,0.42062962,0.16835982,4.8647847,0.007359301,-0.0037933872,0.030592011,0.00029602982,0,0.00039938866,6.8789624e-05,0.40470445,0.033742893,0.019611143,0.17804652,0.003957607,0.035930503,0.0217248,[1],685790,23694.42548251152,28.130083127124447,0.00048722903,4.894412e-05,0.40674818,0.02673948,145.52327156066895,120.20055651664734,354.99,1.0,0.0
0.002687422,0.027352853,0.0,1947,0.0,0.10959988832473755,0.4763367176055908,840640548864,1,170,0.001723872,0.038280018,0.0625,2.8351276,0.42292404,0.07548786,4.694091,0.0074835336,-0.0049236864,0.03076284,0.00024163532,0,0.00035489895,7.2354094e-05,0.40518427,0.037775416,0.023679923,0.21457037,0.0041089943,0.03723274,0.025286842,[1],690014,23835.421288490295,29.050508706604365,0.00043144063,5.9188387e-05,0.40234378,0.02670811,140.9913785457611,114.81163954734802,354.81,1.0,0.0
-0.0042547514,0.020187711,0.0,1959,0.0,0.05787903070449829,0.5855402052402496,841552723968,1,171,0.0011743876,0.033120565,0.033203125,2.8353803,0.40999267,0.041225385,4.830432,0.00676136,0.004270721,0.034736246,0.0001803409,0,0.00031472967,7.2810566e-05,0.39457476,0.03133133,0.02106971,0.19054632,0.0038288995,0.034627087,0.021534342,[1],694557,23979.1351685524,28.50107481473808,0.00038817624,8.049293e-05,0.39868262,0.023406724,143.70816087722778,116.90173721313477,358.04,1.0,0.0
-0.0021485137,0.020996727,0.0,1968,0.0,-0.06845676898956299,0.5810557007789612,840991313920,1,172,0.0018455727,0.03429001,0.11816406,2.8329835,0.40214413,0.14850183,4.4484367,0.006908092,-0.0023111254,0.029373227,0.00022732785,0,0.00026708367,5.5196062e-05,0.3928252,0.032403212,0.015320916,0.13829519,0.0037957416,0.034262493,0.020416105,[1],697681,24126.748128414154,27.74824101220281,0.0003300429,6.1569364e-05,0.39484775,0.023936922,147.54609370231628,120.94741153717041,354.59,1.0,0.0
0.0014455989,0.025035625,0.0,1979,0.0,-0.20507323741912842,0.5399064421653748,840503676928,1,173,0.0016091685,0.033984236,0.07128906,2.8272715,0.3870062,0.08358536,4.3624353,0.0061544213,-0.0004028465,0.031051321,0.00029720302,0,0.00027074578,5.614184e-05,0.3950922,0.03687118,0.023143906,0.20851687,0.004022701,0.03624285,0.02256339,[1],701508,24269.403993844986,28.712454422099444,0.00032841903,6.12897e-05,0.39353126,0.028393846,142.65081572532654,116.85770583152771,353.96,1.0,0.0
0.0029509144,0.02456733,0.0,1988,0.0,-0.16373252868652344,0.5986749827861786,839897116672,1,174,0.002497111,0.036183074,0.17675781,2.8177805,0.3988806,0.06892149,4.312616,0.006876573,-0.0021652768,0.031474028,0.00027401137,0,0.00030896897,5.3860498e-05,0.39590168,0.038769294,0.022466222,0.20201991,0.0041342983,0.03717628,0.024141582,[1],704784,24409.464388608932,29.24452657834733,0.0003679597,5.3755535e-05,0.3928328,0.02542931,140.0540223121643,113.14665961265564,355.28,1.0,0.0
-0.001641894,0.02193997,0.0,2004,0.0,-0.13945293426513672,0.5444728434085846,840603029504,1,175,0.0013347521,0.03365474,0.052734375,2.8095822,0.40315107,0.06884019,4.2411366,0.005871209,0.00081345,0.031883974,0.00022536646,0,0.0003626914,8.098556e-05,0.39147097,0.032477725,0.017373597,0.15592313,0.0039170254,0.0351542,0.021087702,[1],711387,24556.023724794388,27.94772497336312,0.00045518254,6.157712e-05,0.39292786,0.025953965,146.55598902702332,119.00414943695068,366.85,1.0,0.0
-0.0015783618,0.021870947,0.0,2013,0.0,0.06028544902801514,0.5574989020824432,840324521984,1,176,0.0019333276,0.032001145,0.15722656,2.80876,0.40243644,0.051479846,4.4836965,0.007133137,0.002020231,0.031446196,0.0002335804,0,0.00041193777,7.25149e-05,0.3927068,0.032880537,0.01452835,0.13014424,0.0038299786,0.03430876,0.021075929,[1],714553,24702.825655937195,27.90154031431279,0.00048809158,6.310443e-05,0.39413285,0.026715921,146.80188727378845,120.32532525062561,369.88,1.0,0.0
0.0037612664,0.023676986,0.0,2026,0.0,-0.05023026466369629,0.5586900413036346,839529865216,1,177,0.002387356,0.039693452,0.15722656,2.8138578,0.4253426,0.12685895,4.3444676,0.0075218217,-0.007146146,0.029974803,0.00024135565,0,0.00058533775,0.0001115938,0.39728957,0.035652995,0.021035029,0.18807194,0.004188954,0.037452992,0.022663733,[1],718795,24850.930233478546,27.65613366854003,0.00070852553,9.0702175e-05,0.39328194,0.025815478,148.0315637588501,121.02945637702942,361.86,1.0,0.0
